4'-O-Methylcyanidin 3-O-D-glucoside	InChI=1S/C22H22O11/c1-30-15-4-9(2-3-12(15)25)21-16(7-11-13(26)5-10(24)6-14(11)31-21)32-22-20(29)19(28)18(27)17(8-23)33-22/h2-7,17-20,22-23,27-29H,8H2,1H3,(H2-,24,25,26)/p+1/t17-,18-,19+,20-,22-/m1/s1
4'-O-Methyldelphinidin 3-O-rutinoside	InChI=1S/C28H32O16/c1-9-19(33)21(35)23(37)27(41-9)40-8-18-20(34)22(36)24(38)28(44-18)43-17-7-12-13(30)5-11(29)6-16(12)42-25(17)10-3-14(31)26(39-2)15(32)4-10/h3-7,9,18-24,27-28,33-38H,8H2,1-2H3,(H3-,29,30,31,32)/p+1
4-O-Methyldelphinidin 3-O-D-glucoside	InChI=1S/C22H22O12/c1-31-21-12(26)2-8(3-13(21)27)20-15(6-10-11(25)4-9(24)5-14(10)32-20)33-22-19(30)18(29)17(28)16(7-23)34-22/h2-6,16-19,22-23,28-30H,7H2,1H3,(H3-,24,25,26,27)/p+1/t16-,17-,18+,19-,22-/m1/s1
Cyanidin	InChI=1S/C15H10O6/c16-8-4-11(18)9-6-13(20)15(21-14(9)5-8)7-1-2-10(17)12(19)3-7/h1-6H,(H4-,16,17,18,19,20)/p+1
Cyanidin 3,5-O-diglucoside	InChI=1S/C27H30O16/c28-7-17-19(33)21(35)23(37)26(42-17)40-15-5-10(30)4-14-11(15)6-16(25(39-14)9-1-2-12(31)13(32)3-9)41-27-24(38)22(36)20(34)18(8-29)43-27/h1-6,17-24,26-29,33-38H,7-8H2,(H2-,30,31,32)/p+1
Cyanidin 3-O-(2-O-(6-O-(E)-caffeoyl-D glucoside)-D-glucoside)-5-O-D-glucoside	InChI=1S/C43H48O24/c1-59-25-9-17(4-6-21(25)48)39-26(12-19-23(61-39)10-18(46)11-24(19)62-41-37(57)34(54)31(51)27(13-44)64-41)63-43-40(67-42-38(58)35(55)32(52)28(14-45)65-42)36(56)33(53)29(66-43)15-60-30(50)7-3-16-2-5-20(47)22(49)8-16/h2-12,27-29,31-38,40-45,51-58H,13-15H2,1H3,(H3-,46,47,48,49,50)/p+1/t27-,28-,29-,31-,32-,33-,34+,35+,36+,37-,38-,40-,41-,42+,43-/m1/s1
Cyanidin 3-O-(3'',6''-O-dimalonyl-glucoside)	InChI=1S/C27H24O17/c28-11-4-14(30)12-6-17(25(41-16(12)5-11)10-1-2-13(29)15(31)3-10)42-27-24(39)26(44-22(37)8-20(34)35)23(38)18(43-27)9-40-21(36)7-19(32)33/h1-6,18,23-24,26-27,38-39H,7-9H2,(H5-,28,29,30,31,32,33,34,35)/p+1
Cyanidin 3-O-(6''-malonyl-glucoside)	InChI=1S/C24H22O14/c25-10-4-13(27)11-6-16(23(36-15(11)5-10)9-1-2-12(26)14(28)3-9)37-24-22(34)21(33)20(32)17(38-24)8-35-19(31)7-18(29)30/h1-6,17,20-22,24,32-34H,7-8H2,(H4-,25,26,27,28,29,30)/p+1
Cyanidin 3-O-arabinoside	InChI=1S/C20H18O10/c21-7-16-17(26)18(27)20(30-16)29-15-6-10-12(24)4-9(22)5-14(10)28-19(15)8-1-2-11(23)13(25)3-8/h1-6,16-18,20-21,26-27H,7H2,(H3-,22,23,24,25)/p+1
Cyanidin 3-O-diglucoside-5-O-glucoside	InChI=1S/C33H40O21/c34-7-18-21(39)24(42)27(45)31(52-18)48-9-20-23(41)26(44)29(47)33(54-20)51-17-6-12-15(49-30(17)10-1-2-13(37)14(38)3-10)4-11(36)5-16(12)50-32-28(46)25(43)22(40)19(8-35)53-32/h1-6,18-29,31-35,39-47H,7-9H2,(H2-,36,37,38)/p+1
Cyanidin 3-O-galactoside	InChI=1S/C21H20O11/c22-7-16-17(27)18(28)19(29)21(32-16)31-15-6-10-12(25)4-9(23)5-14(10)30-20(15)8-1-2-11(24)13(26)3-8/h1-6,16-19,21-22,27-29H,7H2,(H3-,23,24,25,26)/p+1
Cyanidin 3-O-glucoside	InChI=1S/C21H20O11/c22-7-16-17(27)18(28)19(29)21(32-16)31-15-6-10-12(25)4-9(23)5-14(10)30-20(15)8-1-2-11(24)13(26)3-8/h1-6,16-19,21-22,27-29H,7H2,(H3-,23,24,25,26)/p+1
Cyanidin 3-O-rutinoside	InChI=1S/C27H30O15/c1-9-19(32)21(34)23(36)26(39-9)38-8-18-20(33)22(35)24(37)27(42-18)41-17-7-12-14(30)5-11(28)6-16(12)40-25(17)10-2-3-13(29)15(31)4-10/h2-7,9,18-24,26-27,32-37H,8H2,1H3,(H3-,28,29,30,31)/p+1
Cyanidin 3-O-sambubioside	InChI=1S/C26H28O15/c27-7-18-20(34)21(35)24(41-25-22(36)19(33)15(32)8-37-25)26(40-18)39-17-6-11-13(30)4-10(28)5-16(11)38-23(17)9-1-2-12(29)14(31)3-9/h1-6,15,18-22,24-27,32-36H,7-8H2,(H3-,28,29,30,31)/p+1
Cyanidin 3-O-sambubioside 5-O-glucoside	InChI=1S/C32H38O20/c33-7-19-22(40)24(42)27(45)31(50-19)48-17-5-11(35)4-16-12(17)6-18(28(47-16)10-1-2-13(36)14(37)3-10)49-32-29(25(43)23(41)20(8-34)51-32)52-30-26(44)21(39)15(38)9-46-30/h1-6,15,19-27,29-34,38-45H,7-9H2,(H2-,35,36,37)/p+1
Cyanidin 3-O-sophoroside	InChI=1S/C27H30O16/c28-7-17-19(34)21(36)23(38)26(41-17)43-25-22(37)20(35)18(8-29)42-27(25)40-16-6-11-13(32)4-10(30)5-15(11)39-24(16)9-1-2-12(31)14(33)3-9/h1-6,17-23,25-29,34-38H,7-8H2,(H3-,30,31,32,33)/p+1
Cyanidin 3-O-xyloside	InChI=1S/C20H18O10/c21-7-16-17(26)18(27)20(30-16)29-15-6-10-12(24)4-9(22)5-14(10)28-19(15)8-1-2-11(23)13(25)3-8/h1-6,16-18,20-21,26-27H,7H2,(H3-,22,23,24,25)/p+1
Cyanidin 3-O-xylosyl-rutinoside	InChI=1S/C32H38O19/c1-10-21(38)24(41)27(44)30(47-10)46-9-20-23(40)25(42)29(51-31-26(43)22(39)17(37)8-45-31)32(50-20)49-19-7-13-15(35)5-12(33)6-18(13)48-28(19)11-2-3-14(34)16(36)4-11/h2-7,10,17,20-27,29-32,37-44H,8-9H2,1H3,(H3-,33,34,35,36)/p+1
Delphinidin 3-O-arabinoside	InChI=1S/C20H18O11/c21-8-3-10(22)9-5-15(31-20-18(28)17(27)13(25)6-29-20)19(30-14(9)4-8)7-1-11(23)16(26)12(24)2-7/h1-5,13,17-18,20,25,27-28H,6H2,(H4-,21,22,23,24,26)/p+1
Delphinidin 3-O-galactoside	InChI=1S/C21H20O12/c22-6-15-17(28)18(29)19(30)21(33-15)32-14-5-9-10(24)3-8(23)4-13(9)31-20(14)7-1-11(25)16(27)12(26)2-7/h1-5,15,17-19,21-22,28-30H,6H2,(H4-,23,24,25,26,27)/p+1
Delphinidin 3-O-glucoside	InChI=1S/C21H20O12/c22-6-15-17(28)18(29)19(30)21(33-15)32-14-5-9-10(24)3-8(23)4-13(9)31-20(14)7-1-11(25)16(27)12(26)2-7/h1-5,15,17-19,21-22,28-30H,6H2,(H4-,23,24,25,26,27)/p+1
Delphinidin 3-O-rutinoside	InChI=1S/C27H30O16/c1-8-18(32)21(35)23(37)26(40-8)39-7-17-20(34)22(36)24(38)27(43-17)42-16-6-11-12(29)4-10(28)5-15(11)41-25(16)9-2-13(30)19(33)14(31)3-9/h2-6,8,17-18,20-24,26-27,32,34-38H,7H2,1H3,(H4-,28,29,30,31,33)/p+1
Isopeonidin 3-O-arabinoside	InChI=1S/C21H20O10/c1-28-14-3-2-9(4-13(14)25)20-16(30-21-19(27)18(26)17(8-22)31-21)7-11-12(24)5-10(23)6-15(11)29-20/h2-7,17-19,21-22,26-27H,8H2,1H3,(H2-,23,24,25)/p+1
Isopeonidin 3-O-galactoside	InChI=1S/C22H22O11/c1-30-14-3-2-9(4-13(14)26)21-16(7-11-12(25)5-10(24)6-15(11)31-21)32-22-20(29)19(28)18(27)17(8-23)33-22/h2-7,17-20,22-23,27-29H,8H2,1H3,(H2-,24,25,26)/p+1
Isopeonidin 3-O-glucoside	InChI=1S/C22H22O11/c1-30-14-3-2-9(4-13(14)26)21-16(7-11-12(25)5-10(24)6-15(11)31-21)32-22-20(29)19(28)18(27)17(8-23)33-22/h2-7,17-20,22-23,27-29H,8H2,1H3,(H2-,24,25,26)/p+1
Isopeonidin 3-O-rutinoside	InChI=1S/C28H32O15/c1-10-20(32)22(34)24(36)27(40-10)39-9-19-21(33)23(35)25(37)28(43-19)42-18-8-13-14(30)6-12(29)7-17(13)41-26(18)11-3-4-16(38-2)15(31)5-11/h3-8,10,19-25,27-28,32-37H,9H2,1-2H3,(H2-,29,30,31)/p+1
Isopeonidin 3-O-sambubioside	InChI=1S/C27H30O15/c1-37-16-3-2-10(4-14(16)31)24-18(7-12-13(30)5-11(29)6-17(12)39-24)40-27-25(22(35)21(34)19(8-28)41-27)42-26-23(36)20(33)15(32)9-38-26/h2-7,15,19-23,25-28,32-36H,8-9H2,1H3,(H2-,29,30,31)/p+1
Isopeonidin 3-O-xyloside	InChI=1S/C21H20O10/c1-28-14-3-2-9(4-13(14)25)20-16(30-21-19(27)18(26)17(8-22)31-21)7-11-12(24)5-10(23)6-15(11)29-20/h2-7,17-19,21-22,26-27H,8H2,1H3,(H2-,23,24,25)/p+1
Malvidin 3-O-arabinoside	InChI=1S/C22H22O11/c1-29-15-3-9(4-16(30-2)19(15)27)21-17(33-22-20(28)18(26)13(25)8-31-22)7-11-12(24)5-10(23)6-14(11)32-21/h3-7,13,18,20,22,25-26,28H,8H2,1-2H3,(H2-,23,24,27)/p+1
Malvidin 3-O-galactoside	InChI=1S/C23H24O12.ClH/c1-31-14-3-9(4-15(32-2)18(14)27)22-16(7-11-12(26)5-10(25)6-13(11)33-22)34-23-21(30)20(29)19(28)17(8-24)35-23;/h3-7,17,19-21,23-24,28-30H,8H2,1-2H3,(H2-,25,26,27);1H
Malvidin 3-O-glucoside	InChI=1S/C23H24O12/c1-31-14-3-9(4-15(32-2)18(14)27)22-16(7-11-12(26)5-10(25)6-13(11)33-22)34-23-21(30)20(29)19(28)17(8-24)35-23/h3-7,17,19-21,23-24,28-30H,8H2,1-2H3,(H2-,25,26,27)/p+1
Pelargonidin	InChI=1S/C15H10O5/c16-9-3-1-8(2-4-9)15-13(19)7-11-12(18)5-10(17)6-14(11)20-15/h1-7H,(H3-,16,17,18,19)/p+1
Pelargonidin 3-O-(6''-malonyl-glucoside)	InChI=1S/C24H22O13/c25-11-3-1-10(2-4-11)23-16(7-13-14(27)5-12(26)6-15(13)35-23)36-24-22(33)21(32)20(31)17(37-24)9-34-19(30)8-18(28)29/h1-7,17,20-22,24,31-33H,8-9H2,(H3-,25,26,27,28,29)/p+1
Pelargonidin 3-O-glucoside	InChI=1S/C21H20O10/c22-8-16-17(26)18(27)19(28)21(31-16)30-15-7-12-13(25)5-11(24)6-14(12)29-20(15)9-1-3-10(23)4-2-9/h1-7,16-19,21-22,26-28H,8H2,(H2-,23,24,25)/p+1
Pelargonidin 3-O-glucosyl-rutinoside	InChI=1S/C33H40O19/c1-11-21(38)24(41)27(44)31(47-11)46-10-20-23(40)26(43)30(52-32-28(45)25(42)22(39)19(9-34)50-32)33(51-20)49-18-8-15-16(37)6-14(36)7-17(15)48-29(18)12-2-4-13(35)5-3-12/h2-8,11,19-28,30-34,38-45H,9-10H2,1H3,(H2-,35,36,37)/p+1
Pelargonidin 3-O-sophoroside	InChI=1S/C27H30O15/c28-8-17-19(33)21(35)23(37)26(40-17)42-25-22(36)20(34)18(9-29)41-27(25)39-16-7-13-14(32)5-12(31)6-15(13)38-24(16)10-1-3-11(30)4-2-10/h1-7,17-23,25-29,33-37H,8-9H2,(H2-,30,31,32)/p+1
Peonidin 3-O-(2-O-(6-O-(E)-caffeoyl-D-glucosyl)-D-glucoside)-5-O-D-glucoside	InChI=1S/C43H48O24/c1-59-25-9-17(4-6-21(25)48)39-26(12-19-23(61-39)10-18(46)11-24(19)62-41-37(57)34(54)31(51)27(13-44)64-41)63-43-40(36(56)32(52)28(14-45)65-43)67-42-38(58)35(55)33(53)29(66-42)15-60-30(50)7-3-16-2-5-20(47)22(49)8-16/h2-12,27-29,31-38,40-45,51-58H,13-15H2,1H3,(H3-,46,47,48,49,50)/p+1/t27-,28-,29-,31-,32-,33-,34+,35+,36+,37-,38-,40-,41-,42+,43-/m1/s1
Peonidin 3-O-arabinoside	InChI=1S/C21H20O10/c1-28-15-4-9(2-3-12(15)24)20-16(30-21-19(27)18(26)17(8-22)31-21)7-11-13(25)5-10(23)6-14(11)29-20/h2-7,17-19,21-22,26-27H,8H2,1H3,(H2-,23,24,25)/p+1
Peonidin 3-O-diglucoside-5-O-glucoside	InChI=1S/C34H42O21/c1-48-17-4-11(2-3-14(17)38)31-18(7-13-15(50-31)5-12(37)6-16(13)51-33-29(46)26(43)23(40)20(9-36)54-33)52-34-30(47)27(44)24(41)21(55-34)10-49-32-28(45)25(42)22(39)19(8-35)53-32/h2-7,19-30,32-36,39-47H,8-10H2,1H3,(H-,37,38)/p+1/t19-,20-,21-,22-,23-,24-,25+,26+,27+,28-,29-,30-,32-,33-,34-/m1/s1
Peonidin 3-O-galactoside	InChI=1S/C22H22O11/c1-30-15-4-9(2-3-12(15)25)21-16(7-11-13(26)5-10(24)6-14(11)31-21)32-22-20(29)19(28)18(27)17(8-23)33-22/h2-7,17-20,22-23,27-29H,8H2,1H3,(H2-,24,25,26)/p+1/t17-,18+,19+,20-,22-/m1/s1
Peonidin 3-O-glucoside	InChI=1S/C22H22O11/c1-30-15-4-9(2-3-12(15)25)21-16(7-11-13(26)5-10(24)6-14(11)31-21)32-22-20(29)19(28)18(27)17(8-23)33-22/h2-7,17-20,22-23,27-29H,8H2,1H3,(H2-,24,25,26)/p+1
Peonidin 3-O-rutinoside	InChI=1S/C28H32O15/c1-10-20(32)22(34)24(36)27(40-10)39-9-19-21(33)23(35)25(37)28(43-19)42-18-8-13-15(31)6-12(29)7-16(13)41-26(18)11-3-4-14(30)17(5-11)38-2/h3-8,10,19-25,27-28,32-37H,9H2,1-2H3,(H2-,29,30,31)/p+1/t10-,19+,20-,21+,22+,23-,24+,25+,27+,28+/m0/s1
Peonidin 3-O-sambubioside	InChI=1S/C27H30O15/c1-37-17-4-10(2-3-13(17)30)24-18(7-12-14(31)5-11(29)6-16(12)39-24)40-27-25(22(35)21(34)19(8-28)41-27)42-26-23(36)20(33)15(32)9-38-26/h2-7,15,19-23,25-28,32-36H,8-9H2,1H3,(H2-,29,30,31)/p+1
Peonidin 3-O-sambubioside-5-O-glucoside	InChI=1S/C33H40O20/c1-46-17-4-11(2-3-14(17)38)29-18(49-33-30(26(43)23(40)20(9-35)52-33)53-32-27(44)24(41)21(10-36)51-32)7-13-15(47-29)5-12(37)6-16(13)48-31-28(45)25(42)22(39)19(8-34)50-31/h2-7,19-28,30-36,39-45H,8-10H2,1H3,(H-,37,38)/p+1/t19-,20-,21-,22-,23-,24+,25+,26+,27-,28-,30-,31-,32+,33-/m1/s1
Peonidin 3-O-sophoroside	InChI=1S/C28H32O16/c1-39-16-4-10(2-3-13(16)32)25-17(7-12-14(33)5-11(31)6-15(12)40-25)41-28-26(23(37)21(35)19(9-30)43-28)44-27-24(38)22(36)20(34)18(8-29)42-27/h2-7,18-24,26-30,34-38H,8-9H2,1H3,(H2-,31,32,33)/p+1
Peonidin 3-O-xyloside	InChI=1S/C21H20O10/c1-28-15-4-9(2-3-12(15)24)20-16(30-21-19(27)18(26)17(8-22)31-21)7-11-13(25)5-10(23)6-14(11)29-20/h2-7,17-19,21-22,26-27H,8H2,1H3,(H2-,23,24,25)/p+1
Petunidin 3-O-arabinoside	InChI=1S/C21H20O11/c1-29-15-3-8(2-12(24)17(15)26)20-16(32-21-19(28)18(27)13(25)7-30-21)6-10-11(23)4-9(22)5-14(10)31-20/h2-6,13,18-19,21,25,27-28H,7H2,1H3,(H3-,22,23,24,26)/p+1
Petunidin 3-O-galactoside	InChI=1S/C22H22O12.ClH/c1-31-14-3-8(2-12(26)17(14)27)21-15(6-10-11(25)4-9(24)5-13(10)32-21)33-22-20(30)19(29)18(28)16(7-23)34-22;/h2-6,16,18-20,22-23,28-30H,7H2,1H3,(H3-,24,25,26,27);1H
Petunidin 3-O-glucoside	InChI=1S/C22H22O12/c1-31-14-3-8(2-12(26)17(14)27)21-15(6-10-11(25)4-9(24)5-13(10)32-21)33-22-20(30)19(29)18(28)16(7-23)34-22/h2-6,16,18-20,22-23,28-30H,7H2,1H3,(H3-,24,25,26,27)/p+1
Butein	InChI=1S/C15H12O5/c16-10-3-4-11(14(19)8-10)12(17)5-1-9-2-6-13(18)15(20)7-9/h1-8,16,18-20H
Phloretin	InChI=1S/C15H14O5/c16-10-4-1-9(2-5-10)3-6-12(18)15-13(19)7-11(17)8-14(15)20/h1-2,4-5,7-8,16-17,19-20H,3,6H2
Phloretin 2'-O-glucuronide	InChI=1S/C21H22O11/c22-10-4-1-9(2-5-10)3-6-12(24)15-13(25)7-11(23)8-14(15)31-21-18(28)16(26)17(27)19(32-21)20(29)30/h1-2,4-5,7-8,16-19,21-23,25-28H,3,6H2,(H,29,30)
Dihydroquercetin	InChI=1S/C15H12O7/c16-7-4-10(19)12-11(5-7)22-15(14(21)13(12)20)6-1-2-8(17)9(18)3-6/h1-5,14-19,21H
(+)-Catechin	InChI=1S/C15H14O6/c16-8-4-11(18)9-6-13(20)15(21-14(9)5-8)7-1-2-10(17)12(19)3-7/h1-5,13,15-20H,6H2
(-)-Epicatechin	InChI=1S/C15H14O6/c16-8-4-11(18)9-6-13(20)15(21-14(9)5-8)7-1-2-10(17)12(19)3-7/h1-5,13,15-20H,6H2
(-)-Epicatechin 3-O-gallate	InChI=1S/C22H18O10/c23-11-6-14(25)12-8-19(32-22(30)10-4-16(27)20(29)17(28)5-10)21(31-18(12)7-11)9-1-2-13(24)15(26)3-9/h1-7,19,21,23-29H,8H2
(-)-Epigallocatechin	InChI=1S/C15H14O7/c16-7-3-9(17)8-5-12(20)15(22-13(8)4-7)6-1-10(18)14(21)11(19)2-6/h1-4,12,15-21H,5H2
(-)-Epigallocatechin 3'-O-glucuronide	InChI=1S/C21H22O13/c22-7-3-9(23)8-5-11(25)18(32-12(8)4-7)6-1-10(24)14(26)13(2-6)33-21-17(29)15(27)16(28)19(34-21)20(30)31/h1-4,11,15-19,21-29H,5H2,(H,30,31)
(-)-Epigallocatechin 3-O-gallate	InChI=1S/C22H18O11/c23-10-5-12(24)11-7-18(33-22(31)9-3-15(27)20(30)16(28)4-9)21(32-17(11)6-10)8-1-13(25)19(29)14(26)2-8/h1-6,18,21,23-30H,7H2
(-)-Epigallocatechin 3-O-glucuronide	InChI=1S/C21H22O13/c22-7-3-9(23)8-5-13(33-21-17(29)15(27)16(28)19(34-21)20(30)31)18(32-12(8)4-7)6-1-10(24)14(26)11(25)2-6/h1-4,13,15-19,21-29H,5H2,(H,30,31)
(-)-Epigallocatechin 7-O-glucuronide	InChI=1S/C21H22O13/c22-9-3-7(32-21-17(29)15(27)16(28)19(34-21)20(30)31)4-13-8(9)5-12(25)18(33-13)6-1-10(23)14(26)11(24)2-6/h1-4,12,15-19,21-29H,5H2,(H,30,31)
3'-O-Methyl-(-)-epicatechin 7-O-glucuronide	InChI=1S/C22H24O12/c1-31-15-4-8(2-3-11(15)23)19-13(25)7-10-12(24)5-9(6-14(10)33-19)32-22-18(28)16(26)17(27)20(34-22)21(29)30/h2-6,13,16-20,22-28H,7H2,1H3,(H,29,30)
3'-O-Methylcatechin	InChI=1S/C16H16O6/c1-21-15-4-8(2-3-11(15)18)16-13(20)7-10-12(19)5-9(17)6-14(10)22-16/h2-6,13,16-20H,7H2,1H3
3'-O-Methylepicatechin	InChI=1S/C16H16O6/c1-21-15-4-8(2-3-11(15)18)16-13(20)7-10-12(19)5-9(17)6-14(10)22-16/h2-6,13,16-20H,7H2,1H3
4''-O-Methylepigallocatechin 3-O-gallate	InChI=1S/C23H20O11/c1-32-22-16(28)4-10(5-17(22)29)23(31)34-19-8-12-13(25)6-11(24)7-18(12)33-21(19)9-2-14(26)20(30)15(27)3-9/h2-7,19,21,24-30H,8H2,1H3
"4',4""-O-Dimethylepigallocatechin 3-O-gallate"	InChI=1S/C24H22O11/c1-32-22-15(27)3-10(4-16(22)28)21-20(9-13-14(26)7-12(25)8-19(13)34-21)35-24(31)11-5-17(29)23(33-2)18(30)6-11/h3-8,20-21,25-30H,9H2,1-2H3
4'-O-Methyl-(-)-epicatechin 3'-O-glucuronide	InChI=1S/C22H24O12/c1-31-13-3-2-8(19-12(25)7-10-11(24)5-9(23)6-14(10)32-19)4-15(13)33-22-18(28)16(26)17(27)20(34-22)21(29)30/h2-6,12,16-20,22-28H,7H2,1H3,(H,29,30)
4'-O-Methyl-(-)-epigallocatechin 3'-O-glucuronide	InChI=1S/C22H24O13/c1-32-19-11(25)2-7(18-12(26)6-9-10(24)4-8(23)5-13(9)33-18)3-14(19)34-22-17(29)15(27)16(28)20(35-22)21(30)31/h2-5,12,15-18,20,22-29H,6H2,1H3,(H,30,31)
4'-O-Methyl-(-)-epigallocatechin 7-O-glucuronide	InChI=1S/C22H24O13/c1-32-19-11(24)2-7(3-12(19)25)18-13(26)6-9-10(23)4-8(5-14(9)34-18)33-22-17(29)15(27)16(28)20(35-22)21(30)31/h2-5,13,15-18,20,22-29H,6H2,1H3,(H,30,31)
4'-O-Methylepicatechin	InChI=1S/C16H16O6/c1-21-14-3-2-8(4-12(14)19)16-13(20)7-10-11(18)5-9(17)6-15(10)22-16/h2-6,13,16-20H,7H2,1H3/t13-,16-/m1/s1
4'-O-Methylepigallocatechin	InChI=1S/C16H16O7/c1-22-16-11(19)2-7(3-12(16)20)15-13(21)6-9-10(18)4-8(17)5-14(9)23-15/h2-5,13,15,17-21H,6H2,1H3
Epicatechin 3'-O-glucuronide	InChI=1S/C21H22O12/c22-8-4-11(24)9-6-12(25)18(31-13(9)5-8)7-1-2-10(23)14(3-7)32-21-17(28)15(26)16(27)19(33-21)20(29)30/h1-5,12,15-19,21-28H,6H2,(H,29,30)
Epicatechin 7-O-glucuronide	InChI=1S/C21H22O12/c22-10-2-1-7(3-12(10)24)18-13(25)6-9-11(23)4-8(5-14(9)32-18)31-21-17(28)15(26)16(27)19(33-21)20(29)30/h1-5,13,15-19,21-28H,6H2,(H,29,30)
Epigallocatechin 3-O-gallate-7-O-glucoside-4''-O-glucuronide	InChI=1S/C34H36O22/c35-8-20-22(42)23(43)26(46)33(54-20)51-11-5-13(36)12-7-19(28(52-18(12)6-11)9-1-14(37)21(41)15(38)2-9)53-32(50)10-3-16(39)29(17(40)4-10)55-34-27(47)24(44)25(45)30(56-34)31(48)49/h1-6,19-20,22-28,30,33-47H,7-8H2,(H,48,49)/t19-,20-,22-,23+,24+,25+,26-,27-,28-,30+,33-,34-/m1/s1
Procyanidin dimer B1	InChI=1S/C30H26O12/c31-13-7-20(37)24-23(8-13)41-29(12-2-4-16(33)19(36)6-12)27(40)26(24)25-21(38)10-17(34)14-9-22(39)28(42-30(14)25)11-1-3-15(32)18(35)5-11/h1-8,10,22,26-29,31-40H,9H2
Procyanidin dimer B2	InChI=1S/C30H26O12/c31-13-7-20(37)24-23(8-13)41-29(12-2-4-16(33)19(36)6-12)27(40)26(24)25-21(38)10-17(34)14-9-22(39)28(42-30(14)25)11-1-3-15(32)18(35)5-11/h1-8,10,22,26-29,31-40H,9H2
Procyanidin dimer B3	InChI=1S/C30H26O12/c31-13-7-20(37)24-23(8-13)41-29(12-2-4-16(33)19(36)6-12)27(40)26(24)25-21(38)10-17(34)14-9-22(39)28(42-30(14)25)11-1-3-15(32)18(35)5-11/h1-8,10,22,26-29,31-40H,9H2
Procyanidin dimer B4	InChI=1S/C30H26O12/c31-13-7-20(37)24-23(8-13)41-29(12-2-4-16(33)19(36)6-12)27(40)26(24)25-21(38)10-17(34)14-9-22(39)28(42-30(14)25)11-1-3-15(32)18(35)5-11/h1-8,10,22,26-29,31-40H,9H2
Theaflavin	InChI=1S/C29H24O12/c30-11-3-17(32)15-8-21(36)28(40-23(15)5-11)10-1-13-14(7-20(35)27(39)25(13)26(38)19(34)2-10)29-22(37)9-16-18(33)4-12(31)6-24(16)41-29/h1-7,21-22,28-33,35-37,39H,8-9H2,(H,34,38)
Eriodictyol	InChI=1S/C15H12O6/c16-8-4-11(19)15-12(20)6-13(21-14(15)5-8)7-1-2-9(17)10(18)3-7/h1-5,13,16-19H,6H2
Hesperetin	InChI=1S/C16H14O6/c1-21-13-3-2-8(4-10(13)18)14-7-12(20)16-11(19)5-9(17)6-15(16)22-14/h2-6,14,17-19H,7H2,1H3
Hesperetin 3',7-O-diglucuronide	InChI=1S/C28H30O18/c1-41-12-3-2-8(4-14(12)44-28-22(36)18(32)20(34)24(46-28)26(39)40)13-7-11(30)16-10(29)5-9(6-15(16)43-13)42-27-21(35)17(31)19(33)23(45-27)25(37)38/h2-6,13,17-24,27-29,31-36H,7H2,1H3,(H,37,38)(H,39,40)
Hesperetin 3'-O-glucuronide	InChI=1S/C22H22O12/c1-31-12-3-2-8(13-7-11(25)16-10(24)5-9(23)6-15(16)32-13)4-14(12)33-22-19(28)17(26)18(27)20(34-22)21(29)30/h2-6,13,17-20,22-24,26-28H,7H2,1H3,(H,29,30)
Hesperetin 3'-sulfate	InChI=1S/C16H14O9S/c1-23-12-3-2-8(4-14(12)25-26(20,21)22)13-7-11(19)16-10(18)5-9(17)6-15(16)24-13/h2-6,13,17-18H,7H2,1H3,(H,20,21,22)
Hesperetin 5,7-O-diglucuronide	InChI=1S/C28H30O18/c1-41-12-3-2-8(4-10(12)29)13-7-11(30)16-14(43-13)5-9(42-27-21(35)17(31)19(33)23(45-27)25(37)38)6-15(16)44-28-22(36)18(32)20(34)24(46-28)26(39)40/h2-6,13,17-24,27-29,31-36H,7H2,1H3,(H,37,38)(H,39,40)
Hesperetin 7-O-glucuronide	InChI=1S/C22H22O12/c1-31-13-3-2-8(4-10(13)23)14-7-12(25)16-11(24)5-9(6-15(16)33-14)32-22-19(28)17(26)18(27)20(34-22)21(29)30/h2-6,14,17-20,22-24,26-28H,7H2,1H3,(H,29,30)
Hesperidin	InChI=1S/C28H34O15/c1-10-21(32)23(34)25(36)27(40-10)39-9-19-22(33)24(35)26(37)28(43-19)41-12-6-14(30)20-15(31)8-17(42-18(20)7-12)11-3-4-16(38-2)13(29)5-11/h3-7,10,17,19,21-30,32-37H,8-9H2,1-2H3
Homoeriodictyol	InChI=1S/C16H14O6/c1-21-14-4-8(2-3-10(14)18)13-7-12(20)16-11(19)5-9(17)6-15(16)22-13/h2-6,13,17-19H,7H2,1H3
Isosakuranetin	InChI=1S/C16H14O5/c1-20-11-4-2-9(3-5-11)14-8-13(19)16-12(18)6-10(17)7-15(16)21-14/h2-7,14,17-18H,8H2,1H3
Naringenin	InChI=1S/C15H12O5/c16-9-3-1-8(2-4-9)13-7-12(19)15-11(18)5-10(17)6-14(15)20-13/h1-6,13,16-18H,7H2
Naringenin 4'-O-glucuronide	InChI=1S/C21H20O11/c22-9-5-11(23)15-12(24)7-13(31-14(15)6-9)8-1-3-10(4-2-8)30-21-18(27)16(25)17(26)19(32-21)20(28)29/h1-6,13,16-19,21-23,25-27H,7H2,(H,28,29)
Naringenin 5-O-glucuronide	InChI=1S/C21H20O11/c22-9-3-1-8(2-4-9)12-7-11(24)15-13(30-12)5-10(23)6-14(15)31-21-18(27)16(25)17(26)19(32-21)20(28)29/h1-6,12,16-19,21-23,25-27H,7H2,(H,28,29)
Naringenin 7-O-glucuronide	InChI=1S/C21H20O11/c22-9-3-1-8(2-4-9)13-7-12(24)15-11(23)5-10(6-14(15)31-13)30-21-18(27)16(25)17(26)19(32-21)20(28)29/h1-6,13,16-19,21-23,25-27H,7H2,(H,28,29)
Naringin	InChI=1S/C27H32O14/c1-10-20(32)22(34)24(36)26(37-10)41-25-23(35)21(33)18(9-28)40-27(25)38-13-6-14(30)19-15(31)8-16(39-17(19)7-13)11-2-4-12(29)5-3-11/h2-7,10,16,18,20-30,32-36H,8-9H2,1H3
Neohesperidin	InChI=1S/C28H34O15/c1-10-21(33)23(35)25(37)27(39-10)43-26-24(36)22(34)19(9-29)42-28(26)40-12-6-14(31)20-15(32)8-17(41-18(20)7-12)11-3-4-16(38-2)13(30)5-11/h3-7,10,17,19,21-31,33-37H,8-9H2,1-2H3
Isorhamnetin	InChI=1S/C16H12O7/c1-22-11-4-7(2-3-9(11)18)16-15(21)14(20)13-10(19)5-8(17)6-12(13)23-16/h2-6,17-19,21H,1H3
Isorhamnetin 3-O-glucoside	InChI=1S/C22H22O12/c1-31-12-4-8(2-3-10(12)25)20-21(17(28)15-11(26)5-9(24)6-13(15)32-20)34-22-19(30)18(29)16(27)14(7-23)33-22/h2-6,14,16,18-19,22-27,29-30H,7H2,1H3
Isorhamnetin 3-O-glucuronide	InChI=1S/C22H20O13/c1-32-11-4-7(2-3-9(11)24)18-19(14(26)13-10(25)5-8(23)6-12(13)33-18)34-22-17(29)15(27)16(28)20(35-22)21(30)31/h2-6,15-17,20,22-25,27-29H,1H3,(H,30,31)
Isorhamnetin 4'-O-glucuronide	InChI=1S/C22H20O13/c1-32-11-4-7(19-16(27)14(25)13-9(24)5-8(23)6-12(13)33-19)2-3-10(11)34-22-18(29)15(26)17(28)20(35-22)21(30)31/h2-6,15,17-18,20,22-24,26-29H,1H3,(H,30,31)
Kaempferol	InChI=1S/C15H10O6/c16-8-3-1-7(2-4-8)15-14(20)13(19)12-10(18)5-9(17)6-11(12)21-15/h1-6,16-18,20H
Quercetin	InChI=1S/C15H10O7/c16-7-4-10(19)12-11(5-7)22-15(14(21)13(12)20)6-1-2-8(17)9(18)3-6/h1-5,16-19,21H
Quercetin 3'-O-glucuronide	InChI=1S/C21H18O13/c22-7-4-9(24)12-11(5-7)32-18(15(27)13(12)25)6-1-2-8(23)10(3-6)33-21-17(29)14(26)16(28)19(34-21)20(30)31/h1-5,14,16-17,19,21-24,26-29H,(H,30,31)
Quercetin 3'-sulfate	InChI=1S/C15H10O10S/c16-7-4-9(18)12-11(5-7)24-15(14(20)13(12)19)6-1-2-8(17)10(3-6)25-26(21,22)23/h1-5,16-18,20H,(H,21,22,23)
Quercetin 3,4'-O-diglucoside	InChI=1S/C27H30O17/c28-6-14-17(33)20(36)22(38)26(42-14)41-12-2-1-8(3-10(12)31)24-25(19(35)16-11(32)4-9(30)5-13(16)40-24)44-27-23(39)21(37)18(34)15(7-29)43-27/h1-5,14-15,17-18,20-23,26-34,36-39H,6-7H2
Quercetin 3-O-glucoside	InChI=1S/C21H20O12/c22-6-13-15(27)17(29)18(30)21(32-13)33-20-16(28)14-11(26)4-8(23)5-12(14)31-19(20)7-1-2-9(24)10(25)3-7/h1-5,13,15,17-18,21-27,29-30H,6H2
Quercetin 3-O-glucuronide	InChI=1S/C21H18O13/c22-7-4-10(25)12-11(5-7)32-17(6-1-2-8(23)9(24)3-6)18(13(12)26)33-21-16(29)14(27)15(28)19(34-21)20(30)31/h1-5,14-16,19,21-25,27-29H,(H,30,31)
Quercetin 3-O-rutinoside	InChI=1S/C27H30O16/c1-8-17(32)20(35)22(37)26(40-8)39-7-15-18(33)21(36)23(38)27(42-15)43-25-19(34)16-13(31)5-10(28)6-14(16)41-24(25)9-2-3-11(29)12(30)4-9/h2-6,8,15,17-18,20-23,26-33,35-38H,7H2,1H3
Quercetin 4'-O-glucuronide	InChI=1S/C21H18O13/c22-7-4-9(24)12-11(5-7)32-18(15(27)13(12)25)6-1-2-10(8(23)3-6)33-21-17(29)14(26)16(28)19(34-21)20(30)31/h1-5,14,16-17,19,21-24,26-29H,(H,30,31)
2',7-Dihydroxy-4',5'-dimethoxyisoflavone	InChI=1S/C17H14O6/c1-21-15-6-11(13(19)7-16(15)22-2)12-8-23-14-5-9(18)3-4-10(14)17(12)20/h3-8,18-19H,1-2H3
2'-Hydroxyformononetin	InChI=1S/C16H12O5/c1-20-10-3-5-11(14(18)7-10)13-8-21-15-6-9(17)2-4-12(15)16(13)19/h2-8,17-18H,1H3
2-Dehydro-O-desmethylangolensin	InChI=1S/C15H12O4/c1-9(10-2-4-11(16)5-3-10)15(19)13-7-6-12(17)8-14(13)18/h2-8,16-18H,1H2
3',4',5,7-Tetrahydroxyisoflavanone	InChI=1S/C15H12O6/c16-8-4-12(19)14-13(5-8)21-6-9(15(14)20)7-1-2-10(17)11(18)3-7/h1-5,9,16-19H,6H2
3',4',7-Trihydroxyisoflavan	InChI=1S/C15H14O4/c16-12-3-1-10-5-11(8-19-15(10)7-12)9-2-4-13(17)14(18)6-9/h1-4,6-7,11,16-18H,5,8H2
3',4',7-Trihydroxyisoflavanone	InChI=1S/C15H12O5/c16-9-2-3-10-14(6-9)20-7-11(15(10)19)8-1-4-12(17)13(18)5-8/h1-6,11,16-18H,7H2
3'-Hydroxy-O-desmethylangolensin	InChI=1S/C15H14O5/c1-8(9-2-4-10(16)5-3-9)13(18)11-6-7-12(17)15(20)14(11)19/h2-8,16-17,19-20H,1H3
3'-Hydroxydaidzein	InChI=1S/C15H10O5/c16-9-2-3-10-14(6-9)20-7-11(15(10)19)8-1-4-12(17)13(18)5-8/h1-7,16-18H
3'-Hydroxyequol	InChI=1S/C15H14O4/c16-12-3-1-10-5-11(8-19-15(10)7-12)9-2-4-13(17)14(18)6-9/h1-4,6-7,11,16-18H,5,8H2
3'-Hydroxygenistein	InChI=1S/C15H10O6/c16-8-4-12(19)14-13(5-8)21-6-9(15(14)20)7-1-2-10(17)11(18)3-7/h1-6,16-19H
3'-Hydroxymelanettin	InChI=1S/C16H12O6/c1-21-15-7-14-10(5-13(15)19)9(6-16(20)22-14)8-2-3-11(17)12(18)4-8/h2-7,17-19H,1H3
3'-O-Methylequol	InChI=1S/C16H16O4/c1-19-16-7-10(3-5-14(16)18)12-6-11-2-4-13(17)8-15(11)20-9-12/h2-5,7-8,12,17-18H,6,9H2,1H3
3'-O-Methylviolanone	InChI=1S/C18H18O6/c1-21-14-7-6-11(17(22-2)18(14)23-3)13-9-24-15-8-10(19)4-5-12(15)16(13)20/h4-8,13,19H,9H2,1-3H3
4',6,7-Trihydroxyisoflavanone	InChI=1S/C15H12O5/c16-9-3-1-8(2-4-9)11-7-20-14-6-13(18)12(17)5-10(14)15(11)19/h1-6,11,16-18H,7H2
4',7-Dihydroxy-3'-methoxyisoflavan	InChI=1S/C16H16O4/c1-19-16-7-10(3-5-14(16)18)12-6-11-2-4-13(17)8-15(11)20-9-12/h2-5,7-8,12,17-18H,6,9H2,1H3
4',7-Dihydroxy-6-methoxyisoflavan	InChI=1S/C16H16O4/c1-19-16-7-11-6-12(9-20-15(11)8-14(16)18)10-2-4-13(17)5-3-10/h2-5,7-8,12,17-18H,6,9H2,1H3
4'-Methoxy-2',3,7-trihydroxyisoflavanone	InChI=1S/C16H14O6/c1-21-10-3-5-12(13(18)7-10)16(20)8-22-14-6-9(17)2-4-11(14)15(16)19/h2-7,17-18,20H,8H2,1H3
4'-O-Methylequol	InChI=1S/C16H16O3/c1-18-15-6-3-11(4-7-15)13-8-12-2-5-14(17)9-16(12)19-10-13/h2-7,9,13,17H,8,10H2,1H3
5'-Hydroxy-O-desmethylangolensin	InChI=1S/C15H14O5/c1-8(9-2-4-10(16)5-3-9)15(20)11-6-13(18)14(19)7-12(11)17/h2-8,16-19H,1H3
5'-Methoxy-O-desmethylangolensin	InChI=1S/C16H16O5/c1-9(10-3-5-11(17)6-4-10)16(20)12-7-15(21-2)14(19)8-13(12)18/h3-9,17-19H,1-2H3
5,6,7,3',4'-Pentahydroxyisoflavone	InChI=1S/C15H10O7/c16-8-2-1-6(3-9(8)17)7-5-22-11-4-10(18)14(20)15(21)12(11)13(7)19/h1-5,16-18,20-21H
5,6,7,4'-Tetrahydroxyisoflavone	InChI=1S/C15H10O6/c16-8-3-1-7(2-4-8)9-6-21-11-5-10(17)14(19)15(20)12(11)13(9)18/h1-6,16-17,19-20H
5,7,8,3',4'-Pentahydroxyisoflavone	InChI=1S/C15H10O7/c16-8-2-1-6(3-9(8)17)7-5-22-15-12(13(7)20)10(18)4-11(19)14(15)21/h1-5,16-19,21H
5,7,8,4'-Tetrahydroxyisoflavone	InChI=1S/C15H10O6/c16-8-3-1-7(2-4-8)9-6-21-15-12(13(9)19)10(17)5-11(18)14(15)20/h1-6,16-18,20H
5,7-Dihydroxy-8,4'-dimethoxyisoflavone	InChI=1S/C17H14O7/c1-22-8-3-4-9(11(18)5-8)10-7-24-17-14(15(10)21)12(19)6-13(20)16(17)23-2/h3-7,18-20H,1-2H3
6''-O-Malonyldaidzin	InChI=1S/C24H22O12/c25-12-3-1-11(2-4-12)15-9-33-16-7-13(5-6-14(16)20(15)29)35-24-23(32)22(31)21(30)17(36-24)10-34-19(28)8-18(26)27/h1-7,9,17,21-25,30-32H,8,10H2,(H,26,27)
6'-Hydroxy-O-desmethylangolensin	InChI=1S/C15H14O5/c1-8(9-2-4-10(16)5-3-9)15(20)14-12(18)6-11(17)7-13(14)19/h2-8,16-19H,1H3
6'-Hydroxyangolensin	InChI=1S/C16H16O5/c1-9(10-3-5-12(21-2)6-4-10)16(20)15-13(18)7-11(17)8-14(15)19/h3-9,17-19H,1-2H3
6,7,3',4'-Tetrahydroxyisoflavone	InChI=1S/C15H10O6/c16-10-2-1-7(3-11(10)17)9-6-21-14-5-13(19)12(18)4-8(14)15(9)20/h1-6,16-19H
6,7,4'-Trihydroxyisoflavone	InChI=1S/C15H10O5/c16-9-3-1-8(2-4-9)11-7-20-14-6-13(18)12(17)5-10(14)15(11)19/h1-7,16-18H
6-Hydroxydihydrodaidzein	InChI=1S/C15H12O5/c16-9-3-1-8(2-4-9)11-7-20-14-6-13(18)12(17)5-10(14)15(11)19/h1-6,11,16-18H,7H2
6-O-Methylequol	InChI=1S/C16H16O4/c1-19-16-7-11-6-12(9-20-15(11)8-14(16)18)10-2-4-13(17)5-3-10/h2-5,7-8,12,17-18H,6,9H2,1H3
7,8,3',4'-Tetrahydroxyisoflavone	InChI=1S/C15H10O6/c16-10-3-1-7(5-12(10)18)9-6-21-15-8(13(9)19)2-4-11(17)14(15)20/h1-6,16-18,20H
7,8,4'-Trihydroxyisoflavone	InChI=1S/C15H10O5/c16-9-3-1-8(2-4-9)11-7-20-15-10(13(11)18)5-6-12(17)14(15)19/h1-7,16-17,19H
8-Hydroxydihydrodaidzein	InChI=1S/C15H12O5/c16-9-3-1-8(2-4-9)11-7-20-15-10(13(11)18)5-6-12(17)14(15)19/h1-6,11,16-17,19H,7H2
Angolensin	InChI=1S/C16H16O4/c1-10(11-3-6-13(20-2)7-4-11)16(19)14-8-5-12(17)9-15(14)18/h3-10,17-18H,1-2H3
Biochanin A	InChI=1S/C16H12O5/c1-20-11-4-2-9(3-5-11)12-8-21-14-7-10(17)6-13(18)15(14)16(12)19/h2-8,17-18H,1H3
Butin	InChI=1S/C15H12O5/c16-9-2-3-10-12(18)7-14(20-15(10)6-9)8-1-4-11(17)13(19)5-8/h1-6,14,16-17,19H,7H2
Calycosin	InChI=1S/C16H12O5/c1-20-14-5-2-9(6-13(14)18)12-8-21-15-7-10(17)3-4-11(15)16(12)19/h2-8,17-18H,1H3
cis-4-Hydroxyequol	InChI=1S/C15H14O4/c16-10-3-1-9(2-4-10)13-8-19-14-7-11(17)5-6-12(14)15(13)18/h1-7,13,15-18H,8H2
Daidzein	InChI=1S/C15H10O4/c16-10-3-1-9(2-4-10)13-8-19-14-7-11(17)5-6-12(14)15(13)18/h1-8,16-17H
Daidzein 4'-O-glucuronide	InChI=1S/C21H18O10/c22-10-3-6-12-14(7-10)29-8-13(15(12)23)9-1-4-11(5-2-9)30-21-18(26)16(24)17(25)19(31-21)20(27)28/h1-8,16-19,21-22,24-26H,(H,27,28)
Daidzein 7-O-glucuronide	InChI=1S/C21H18O10/c22-10-3-1-9(2-4-10)13-8-29-14-7-11(5-6-12(14)15(13)23)30-21-18(26)16(24)17(25)19(31-21)20(27)28/h1-8,16-19,21-22,24-26H,(H,27,28)
Daidzin	InChI=1S/C21H20O9/c22-8-16-18(25)19(26)20(27)21(30-16)29-12-5-6-13-15(7-12)28-9-14(17(13)24)10-1-3-11(23)4-2-10/h1-7,9,16,18-23,25-27H,8H2
Daidzin 4'-O-glucuronide	InChI=1S/C27H28O15/c28-8-16-18(30)19(31)22(34)26(41-16)40-12-5-6-13-15(7-12)38-9-14(17(13)29)10-1-3-11(4-2-10)39-27-23(35)20(32)21(33)24(42-27)25(36)37/h1-7,9,16,18-24,26-28,30-35H,8H2,(H,36,37)
Dalbergin	InChI=1S/C16H12O4/c1-19-15-9-14-12(7-13(15)17)11(8-16(18)20-14)10-5-3-2-4-6-10/h2-9,17H,1H3
Dihydrobiochanin A	InChI=1S/C16H14O5/c1-20-11-4-2-9(3-5-11)12-8-21-14-7-10(17)6-13(18)15(14)16(12)19/h2-7,12,17-18H,8H2,1H3
Dihydrodaidzein	InChI=1S/C15H12O4/c16-10-3-1-9(2-4-10)13-8-19-14-7-11(17)5-6-12(14)15(13)18/h1-7,13,16-17H,8H2
Dihydrodaidzein 7-O-glucuronide	InChI=1S/C21H20O10/c22-10-3-1-9(2-4-10)13-8-29-14-7-11(5-6-12(14)15(13)23)30-21-18(26)16(24)17(25)19(31-21)20(27)28/h1-7,13,16-19,21-22,24-26H,8H2,(H,27,28)
Dihydroformononetin	InChI=1S/C16H14O4/c1-19-12-5-2-10(3-6-12)14-9-20-15-8-11(17)4-7-13(15)16(14)18/h2-8,14,17H,9H2,1H3
Dihydrogenistein	InChI=1S/C15H12O5/c16-9-3-1-8(2-4-9)11-7-20-13-6-10(17)5-12(18)14(13)15(11)19/h1-6,11,16-18H,7H2
Dihydroglycitein	InChI=1S/C16H14O5/c1-20-15-6-11-14(7-13(15)18)21-8-12(16(11)19)9-2-4-10(17)5-3-9/h2-7,12,17-18H,8H2,1H3
Equol	InChI=1S/C15H14O3/c16-13-4-1-10(2-5-13)12-7-11-3-6-14(17)8-15(11)18-9-12/h1-6,8,12,16-17H,7,9H2
Equol 4'-O-glucuronide	InChI=1S/C21H22O9/c22-13-4-1-11-7-12(9-28-15(11)8-13)10-2-5-14(6-3-10)29-21-18(25)16(23)17(24)19(30-21)20(26)27/h1-6,8,12,16-19,21-25H,7,9H2,(H,26,27)
Equol 7-O-glucuronide	InChI=1S/C21H22O9/c22-13-4-1-10(2-5-13)12-7-11-3-6-14(8-15(11)28-9-12)29-21-18(25)16(23)17(24)19(30-21)20(26)27/h1-6,8,12,16-19,21-25H,7,9H2,(H,26,27)
Formononetin	InChI=1S/C16H12O4/c1-19-12-5-2-10(3-6-12)14-9-20-15-8-11(17)4-7-13(15)16(14)18/h2-9,17H,1H3
Formononetin 7-O-glucuronide	InChI=1S/C22H20O10/c1-29-11-4-2-10(3-5-11)14-9-30-15-8-12(6-7-13(15)16(14)23)31-22-19(26)17(24)18(25)20(32-22)21(27)28/h2-9,17-20,22,24-26H,1H3,(H,27,28)
Genistein	InChI=1S/C15H10O5/c16-9-3-1-8(2-4-9)11-7-20-13-6-10(17)5-12(18)14(13)15(11)19/h1-7,16-18H
Genistein 4',7-O-diglucuronide	InChI=1S/C27H26O17/c28-12-5-10(42-27-21(35)17(31)19(33)23(44-27)25(38)39)6-13-14(12)15(29)11(7-40-13)8-1-3-9(4-2-8)41-26-20(34)16(30)18(32)22(43-26)24(36)37/h1-7,16-23,26-28,30-35H,(H,36,37)(H,38,39)
Genistein 4'-O-glucuronide	InChI=1S/C21H18O11/c22-9-5-12(23)14-13(6-9)30-7-11(15(14)24)8-1-3-10(4-2-8)31-21-18(27)16(25)17(26)19(32-21)20(28)29/h1-7,16-19,21-23,25-27H,(H,28,29)
Genistein 5-O-glucuronide	InChI=1S/C21H18O11/c22-9-3-1-8(2-4-9)11-7-30-12-5-10(23)6-13(14(12)15(11)24)31-21-18(27)16(25)17(26)19(32-21)20(28)29/h1-7,16-19,21-23,25-27H,(H,28,29)
Genistein 7-O-glucuronide	InChI=1S/C21H18O11/c22-9-3-1-8(2-4-9)11-7-30-13-6-10(5-12(23)14(13)15(11)24)31-21-18(27)16(25)17(26)19(32-21)20(28)29/h1-7,16-19,21-23,25-27H,(H,28,29)
Glycitein	InChI=1S/C16H12O5/c1-20-15-6-11-14(7-13(15)18)21-8-12(16(11)19)9-2-4-10(17)5-3-9/h2-8,17-18H,1H3
Glycitein 4'-O-glucuronide	InChI=1S/C22H20O11/c1-30-15-6-11-14(7-13(15)23)31-8-12(16(11)24)9-2-4-10(5-3-9)32-22-19(27)17(25)18(26)20(33-22)21(28)29/h2-8,17-20,22-23,25-27H,1H3,(H,28,29)
Glycitein 7-O-glucuronide	InChI=1S/C22H20O11/c1-30-14-6-11-13(31-8-12(16(11)24)9-2-4-10(23)5-3-9)7-15(14)32-22-19(27)17(25)18(26)20(33-22)21(28)29/h2-8,17-20,22-23,25-27H,1H3,(H,28,29)
Glycitin	InChI=1S/C22H22O10/c1-29-15-6-12-14(30-9-13(18(12)25)10-2-4-11(24)5-3-10)7-16(15)31-22-21(28)20(27)19(26)17(8-23)32-22/h2-7,9,17,19-24,26-28H,8H2,1H3
Irilone	InChI=1S/C16H10O6/c17-9-3-1-8(2-4-9)10-6-20-11-5-12-16(22-7-21-12)15(19)13(11)14(10)18/h1-6,17,19H,7H2
Irisolidone	InChI=1S/C17H14O6/c1-21-10-5-3-9(4-6-10)11-8-23-13-7-12(18)17(22-2)16(20)14(13)15(11)19/h3-8,18,20H,1-2H3
Irisolidone 7-O-glucuronide	InChI=1S/C23H22O12/c1-31-10-5-3-9(4-6-10)11-8-33-12-7-13(20(32-2)16(25)14(12)15(11)24)34-23-19(28)17(26)18(27)21(35-23)22(29)30/h3-8,17-19,21,23,25-28H,1-2H3,(H,29,30)
Isoliquiritigenin	InChI=1S/C15H12O4/c16-11-4-1-10(2-5-11)3-8-14(18)13-7-6-12(17)9-15(13)19/h1-9,16-17,19H
Isotectorigenin	InChI=1S/C16H12O6/c1-21-15-12(19)6-11(18)13-14(20)10(7-22-16(13)15)8-2-4-9(17)5-3-8/h2-7,17-19H,1H3
Koparin	InChI=1S/C16H12O6/c1-21-12-5-4-9(15(19)16(12)20)11-7-22-13-6-8(17)2-3-10(13)14(11)18/h2-7,17,19-20H,1H3
Melanettin	InChI=1S/C16H12O5/c1-20-15-8-14-12(6-13(15)18)11(7-16(19)21-14)9-2-4-10(17)5-3-9/h2-8,17-18H,1H3
O-Desmethylangolensin	InChI=1S/C15H14O4/c1-9(10-2-4-11(16)5-3-10)15(19)13-7-6-12(17)8-14(13)18/h2-9,16-18H,1H3
Orobol	InChI=1S/C15H10O6/c16-8-4-12(19)14-13(5-8)21-6-9(15(14)20)7-1-2-10(17)11(18)3-7/h1-6,16-19H
Prunetin	InChI=1S/C16H12O5/c1-20-11-6-13(18)15-14(7-11)21-8-12(16(15)19)9-2-4-10(17)5-3-9/h2-8,17-18H,1H3
Pseudobaptigenin	InChI=1S/C16H10O5/c17-10-2-3-11-14(6-10)19-7-12(16(11)18)9-1-4-13-15(5-9)21-8-20-13/h1-7,17H,8H2
Puerarin	InChI=1S/C21H20O9/c22-7-14-17(26)18(27)19(28)21(30-14)15-13(24)6-5-11-16(25)12(8-29-20(11)15)9-1-3-10(23)4-2-9/h1-6,8,14,17-19,21-24,26-28H,7H2
Sativanone	InChI=1S/C17H16O5/c1-20-11-4-6-12(15(8-11)21-2)14-9-22-16-7-10(18)3-5-13(16)17(14)19/h3-8,14,18H,9H2,1-2H3
Stevenin	InChI=1S/C16H12O5/c1-20-15-8-14-12(6-13(15)18)11(7-16(19)21-14)9-3-2-4-10(17)5-9/h2-8,17-18H,1H3
Tectoridin	InChI=1S/C22H22O11/c1-30-21-13(32-22-20(29)19(28)17(26)14(7-23)33-22)6-12-15(18(21)27)16(25)11(8-31-12)9-2-4-10(24)5-3-9/h2-6,8,14,17,19-20,22-24,26-29H,7H2,1H3
Tectorigenin	InChI=1S/C16H12O6/c1-21-16-11(18)6-12-13(15(16)20)14(19)10(7-22-12)8-2-4-9(17)5-3-8/h2-7,17-18,20H,1H3
Tectorigenin 4'-sulfate	InChI=1S/C16H12O9S/c1-23-16-11(17)6-12-13(15(16)19)14(18)10(7-24-12)8-2-4-9(5-3-8)25-26(20,21)22/h2-7,17,19H,1H3,(H,20,21,22)
Tectorigenin 7-sulfate	InChI=1S/C16H12O9S/c1-23-16-12(25-26(20,21)22)6-11-13(15(16)19)14(18)10(7-24-11)8-2-4-9(17)5-3-8/h2-7,17,19H,1H3,(H,20,21,22)
Vestitone	InChI=1S/C16H14O5/c1-20-10-3-5-11(14(18)7-10)13-8-21-15-6-9(17)2-4-12(15)16(13)19/h2-7,13,17-18H,8H2,1H3
Violanone	InChI=1S/C17H16O6/c1-21-13-6-5-10(17(22-2)16(13)20)12-8-23-14-7-9(18)3-4-11(14)15(12)19/h3-7,12,18,20H,8H2,1-2H3
2'-Hydroxyenterolactone	InChI=1S/C18H18O5/c19-14-5-1-3-11(7-14)8-15-13(10-23-18(15)22)9-12-4-2-6-16(20)17(12)21/h1-7,13,15,19-21H,8-10H2
2-Hydroxyenterodiol	InChI=1S/C18H22O5/c19-10-14(7-12-3-1-5-16(21)8-12)15(11-20)9-13-4-2-6-17(22)18(13)23/h1-6,8,14-15,19-23H,7,9-11H2
2-Hydroxyenterolactone	InChI=1S/C18H18O5/c19-14-5-1-3-11(8-14)7-13-10-23-18(22)15(13)9-12-4-2-6-16(20)17(12)21/h1-6,8,13,15,19-21H,7,9-10H2
4'-Hydroxyenterolactone	InChI=1S/C18H18O5/c19-14-3-1-2-11(7-14)8-15-13(10-23-18(15)22)6-12-4-5-16(20)17(21)9-12/h1-5,7,9,13,15,19-21H,6,8,10H2
4-Hydroxyenterodiol	InChI=1S/C18H22O5/c19-10-14(6-12-2-1-3-16(21)8-12)15(11-20)7-13-4-5-17(22)18(23)9-13/h1-5,8-9,14-15,19-23H,6-7,10-11H2
4-Hydroxyenterolactone	InChI=1S/C18H18O5/c19-14-3-1-2-11(7-14)6-13-10-23-18(22)15(13)8-12-4-5-16(20)17(21)9-12/h1-5,7,9,13,15,19-21H,6,8,10H2
5-Hydroxyenterolactone	InChI=1S/C18H18O5/c19-14-3-1-2-11(5-14)4-13-10-23-18(22)17(13)8-12-6-15(20)9-16(21)7-12/h1-3,5-7,9,13,17,19-21H,4,8,10H2
6'-Hydroxyenterolactone	InChI=1S/C18H18O5/c19-14-3-1-2-11(6-14)7-16-13(10-23-18(16)22)8-12-9-15(20)4-5-17(12)21/h1-6,9,13,16,19-21H,7-8,10H2
6-Hydroxyenterodiol	InChI=1S/C18H22O5/c19-10-14(6-12-2-1-3-16(21)7-12)15(11-20)8-13-9-17(22)4-5-18(13)23/h1-5,7,9,14-15,19-23H,6,8,10-11H2
6-Hydroxyenterolactone	InChI=1S/C18H18O5/c19-14-3-1-2-11(7-14)6-13-10-23-18(22)16(13)9-12-8-15(20)4-5-17(12)21/h1-5,7-8,13,16,19-21H,6,9-10H2
7-Hydroxyenterolactone	InChI=1S/C18H18O5/c19-14-5-1-3-11(8-14)7-13-10-23-18(22)16(13)17(21)12-4-2-6-15(20)9-12/h1-6,8-9,13,16-17,19-21H,7,10H2
7-Hydroxymatairesinol	InChI=1S/C20H22O7/c1-25-16-8-11(3-5-14(16)21)7-13-10-27-20(24)18(13)19(23)12-4-6-15(22)17(9-12)26-2/h3-6,8-9,13,18-19,21-23H,7,10H2,1-2H3/t13-,18?,19+/m0/s1
Cyclolariciresinol	InChI=1S/C20H24O6/c1-25-18-6-11(3-4-16(18)23)20-14-8-17(24)19(26-2)7-12(14)5-13(9-21)15(20)10-22/h3-4,6-8,13,15,20-24H,5,9-10H2,1-2H3/t13-,15-,20-/m0/s1
Deoxyschisandrin	InChI=1S/C24H32O6/c1-13-9-15-11-17(25-3)21(27-5)23(29-7)19(15)20-16(10-14(13)2)12-18(26-4)22(28-6)24(20)30-8/h11-14H,9-10H2,1-8H3
Enterodiol	InChI=1S/C18H22O4/c19-11-15(7-13-3-1-5-17(21)9-13)16(12-20)8-14-4-2-6-18(22)10-14/h1-6,9-10,15-16,19-22H,7-8,11-12H2
Enterolactone	InChI=1S/C18H18O4/c19-15-5-1-3-12(8-15)7-14-11-22-18(21)17(14)10-13-4-2-6-16(20)9-13/h1-6,8-9,14,17,19-20H,7,10-11H2
Episesaminol	InChI=1S/C20H18O7/c21-14-5-18-17(26-9-27-18)4-11(14)20-13-7-22-19(12(13)6-23-20)10-1-2-15-16(3-10)25-8-24-15/h1-5,12-13,19-21H,6-9H2
Gomisin D	InChI=1S/C28H34O10/c1-13-8-15-9-18-22(37-12-36-18)24-19(15)20-16(10-17(32-5)21(33-6)23(20)34-7)25(27(13,3)30)38-26(29)28(4,31)14(2)11-35-24/h9-10,13-14,25,30-31H,8,11-12H2,1-7H3
Gomisin M2	InChI=1S/C22H26O6/c1-11-6-13-9-16-20(28-10-27-16)19(23)17(13)18-14(7-12(11)2)8-15(24-3)21(25-4)22(18)26-5/h8-9,11-12,23H,6-7,10H2,1-5H3
Lariciresinol	InChI=1S/C20H24O6/c1-24-18-8-12(3-5-16(18)22)7-14-11-26-20(15(14)10-21)13-4-6-17(23)19(9-13)25-2/h3-6,8-9,14-15,20-23H,7,10-11H2,1-2H3
Matairesinol	InChI=1S/C20H22O6/c1-24-18-9-12(3-5-16(18)21)7-14-11-26-20(23)15(14)8-13-4-6-17(22)19(10-13)25-2/h3-6,9-10,14-15,21-22H,7-8,11H2,1-2H3
Schisandrin	InChI=1S/C24H32O7/c1-13-9-14-10-16(26-3)20(28-5)22(30-7)18(14)19-15(12-24(13,2)25)11-17(27-4)21(29-6)23(19)31-8/h10-11,13,25H,9,12H2,1-8H3
Schisandrin B	InChI=1S/C23H28O6/c1-12-7-14-9-16(24-3)20(25-4)22(26-5)18(14)19-15(8-13(12)2)10-17-21(23(19)27-6)29-11-28-17/h9-10,12-13H,7-8,11H2,1-6H3
Schisandrin C	InChI=1S/C22H24O6/c1-11-5-13-7-15-19(27-9-25-15)21(23-3)17(13)18-14(6-12(11)2)8-16-20(22(18)24-4)28-10-26-16/h7-8,11-12H,5-6,9-10H2,1-4H3
Schisandrol B	InChI=1S/C23H28O7/c1-12-7-13-8-16-20(30-11-29-16)22(28-6)17(13)18-14(10-23(12,2)24)9-15(25-3)19(26-4)21(18)27-5/h8-9,12,24H,7,10-11H2,1-6H3
Schisanhenol	InChI=1S/C23H30O6/c1-12-8-14-10-16(25-3)21(27-5)20(24)18(14)19-15(9-13(12)2)11-17(26-4)22(28-6)23(19)29-7/h10-13,24H,8-9H2,1-7H3
Schisantherin A	InChI=1S/C30H32O9/c1-16-12-18-13-21-25(38-15-37-21)26(35-5)22(18)23-19(14-20(33-3)24(34-4)27(23)36-6)28(30(16,2)32)39-29(31)17-10-8-7-9-11-17/h7-11,13-14,16,28,32H,12,15H2,1-6H3
Secoisolariciresinol	InChI=1S/C20H26O6/c1-25-19-9-13(3-5-17(19)23)7-15(11-21)16(12-22)8-14-4-6-18(24)20(10-14)26-2/h3-6,9-10,15-16,21-24H,7-8,11-12H2,1-2H3
Sesaminol	InChI=1S/C20H18O7/c21-14-5-18-17(26-9-27-18)4-11(14)20-13-7-22-19(12(13)6-23-20)10-1-2-15-16(3-10)25-8-24-15/h1-5,12-13,19-21H,6-9H2
Sesaminol 2-O-triglucoside	InChI=1S/C36H46O22/c37-6-20-25(39)28(42)31(45)34(55-20)49-10-24-27(41)30(44)33(58-35-32(46)29(43)26(40)21(7-38)56-35)36(57-24)54-16-5-19-18(52-12-53-19)4-14(16)23-9-47-22(8-48-23)13-1-2-15-17(3-13)51-11-50-15/h1-5,20-46H,6-12H2
Tigloylgomicin H	InChI=1S/C28H36O8/c1-9-17(14-29)15-36-27-22-18(11-20(31-4)25(27)34-7)10-16(2)28(3,30)13-19-12-21(32-5)24(33-6)26(35-8)23(19)22/h9,11-12,14,16,30H,10,13,15H2,1-8H3
1,3,5-Trimethoxybenzene	InChI=1S/C9H12O3/c1-10-7-4-8(11-2)6-9(5-7)12-3/h4-6H,1-3H3
4-Ethylbenzoic acid	InChI=1S/C9H10O2/c1-2-7-3-5-8(6-4-7)9(10)11/h3-6H,2H2,1H3,(H,10,11)
Glycine	InChI=1S/C2H5NO2/c3-1-2(4)5/h1,3H2,(H,4,5)
Vanilloylglycine	InChI=1S/C10H11NO5/c1-16-8-4-6(2-3-7(8)12)10(15)11-5-9(13)14/h2-4,12H,5H2,1H3,(H,11,15)(H,13,14)
4-Ethylphenol	InChI=1S/C8H10O/c1-2-7-3-5-8(9)6-4-7/h3-6,9H,2H2,1H3
Protocatechuic aldehyde	InChI=1S/C7H6O3/c8-4-5-1-2-6(9)7(10)3-5/h1-4,9-10H
Vanillin	InChI=1S/C8H8O3/c1-11-8-4-6(5-9)2-3-7(8)10/h2-5,10H,1H3
Vanillin 4-sulfate	InChI=1S/C8H8O6S/c1-13-8-4-6(5-9)2-3-7(8)14-15(10,11)12/h2-5H,1H3,(H,10,11,12)
2,4-Dihydroxyacetophenone 5-sulfate	InChI=1S/C8H8O6S/c1-5(9)7-3-2-6(10)4-8(7)14-15(11,12)13/h2-4,10H,1H3,(H,11,12,13)
2-Hydroxy-4-methoxyacetophenone 5-sulfate	InChI=1S/C9H10O7S/c1-5(10)6-3-9(16-17(12,13)14)8(15-2)4-7(6)11/h3-4,11H,1-2H3,(H,12,13,14)
Norathyriol	InChI=1S/C13H8O6/c14-5-1-9(17)12-11(2-5)19-10-4-8(16)7(15)3-6(10)13(12)18/h1-4,14-17H
Paeonol	InChI=1S/C9H10O3/c1-6(10)8-4-3-7(12-2)5-9(8)11/h3-5,11H,1-2H3
Resacetophenone	InChI=1S/C8H8O3/c1-5(9)7-3-2-6(10)4-8(7)11/h2-4,10-11H,1H3
Urolithin A	InChI=1S/C13H8O4/c14-7-1-3-9-10-4-2-8(15)6-12(10)17-13(16)11(9)5-7/h1-6,14-15H
Urolithin A 3,8-O-diglucuronide	InChI=1S/C25H24O16/c26-13-15(28)19(21(32)33)40-24(17(13)30)37-7-1-3-9-10-4-2-8(6-12(10)39-23(36)11(9)5-7)38-25-18(31)14(27)16(29)20(41-25)22(34)35/h1-6,13-20,24-31H,(H,32,33)(H,34,35)
Urolithin B	InChI=1S/C13H8O3/c14-8-5-6-10-9-3-1-2-4-11(9)13(15)16-12(10)7-8/h1-7,14H
Urolithin B 3-O-glucuronide	InChI=1S/C19H16O9/c20-13-14(21)16(17(23)24)28-19(15(13)22)26-8-5-6-10-9-3-1-2-4-11(9)18(25)27-12(10)7-8/h1-7,13-16,19-22H,(H,23,24)
Urolithin C	InChI=1S/C13H8O5/c14-6-1-2-7-8-4-10(15)11(16)5-9(8)13(17)18-12(7)3-6/h1-5,14-16H
Homovanillyl alcohol	InChI=1S/C9H12O3/c1-12-9-6-7(4-5-10)2-3-8(9)11/h2-3,6,10-11H,4-5H2,1H3
Catechol	InChI=1S/C6H6O2/c7-5-3-1-2-4-6(5)8/h1-4,7-8H
Coumestrol	InChI=1S/C15H8O5/c16-7-1-3-9-11(5-7)19-14-10-4-2-8(17)6-12(10)20-15(18)13(9)14/h1-6,16-17H
Isopropyl 3-(3,4-dihydroxyphenyl)-2-hydroxypropanoate	InChI=1S/C12H16O5/c1-7(2)17-12(16)11(15)6-8-3-4-9(13)10(14)5-8/h3-5,7,11,13-15H,6H2,1-2H3
Lithospermic acid	InChI=1S/C27H22O12/c28-15-5-1-12(9-18(15)31)10-20(26(34)35)38-21(33)8-4-13-2-7-17(30)25-22(13)23(27(36)37)24(39-25)14-3-6-16(29)19(32)11-14/h1-9,11,20,23-24,28-32H,10H2,(H,34,35)(H,36,37)
Pyrogallol	InChI=1S/C6H6O3/c7-4-2-1-3-5(8)6(4)9/h1-3,7-9H
Salvianolic acid B	InChI=1S/C36H30O16/c37-20-6-1-16(11-24(20)41)13-27(34(45)46)50-29(44)10-5-18-3-9-23(40)33-30(18)31(32(52-33)19-4-8-22(39)26(43)15-19)36(49)51-28(35(47)48)14-17-2-7-21(38)25(42)12-17/h1-12,15,27-28,31-32,37-43H,13-14H2,(H,45,46)(H,47,48)
Salvianolic acid C	InChI=1S/C26H20O10/c27-17-5-1-13(9-20(17)30)10-23(26(33)34)35-24(32)8-4-14-2-7-19(29)25-16(14)12-22(36-25)15-3-6-18(28)21(31)11-15/h1-9,11-12,23,27-31H,10H2,(H,33,34)
Salvianolic acid D	InChI=1S/C20H18O10/c21-13-4-1-10(7-15(13)23)8-16(20(28)29)30-18(26)6-3-11-2-5-14(22)19(27)12(11)9-17(24)25/h1-7,16,21-23,27H,8-9H2,(H,24,25)(H,28,29)
Salvianolic acid G	InChI=1S/C20H18O10/c21-13-4-1-10(7-15(13)23)8-16(20(28)29)30-18(26)6-3-11-2-5-14(22)19(27)12(11)9-17(24)25/h1-7,16,21-23,27H,8-9H2,(H,24,25)(H,28,29)
3,4-DHPEA-EDA	InChI=1S/C17H20O6/c1-2-13(11-19)14(5-7-18)10-17(22)23-8-6-12-3-4-15(20)16(21)9-12/h2-4,7,9,11,14,20-21H,5-6,8,10H2,1H3/b13-2+
Hydroxytyrosol	InChI=1S/C8H10O3/c9-4-3-6-1-2-7(10)8(11)5-6/h1-2,5,9-11H,3-4H2
Oleuropein	InChI=1S/C25H32O13/c1-3-13-14(9-19(29)35-7-6-12-4-5-16(27)17(28)8-12)15(23(33)34-2)11-36-24(13)38-25-22(32)21(31)20(30)18(10-26)37-25/h3-5,8,11,14,18,20-22,24-28,30-32H,6-7,9-10H2,1-2H3
p-HPEA-EDA	InChI=1S/C17H20O5/c1-2-14(12-19)15(7-9-18)11-17(21)22-10-8-13-3-5-16(20)6-4-13/h2-6,9,12,15,20H,7-8,10-11H2,1H3
Tyrosol	InChI=1S/C8H10O2/c9-6-5-7-1-3-8(10)4-2-7/h1-4,9-10H,5-6H2
Tyrosol 4-sulfate	InChI=1S/C8H10O5S/c9-6-5-7-1-3-8(4-2-7)13-14(10,11)12/h1-4,9H,5-6H2,(H,10,11,12)
2,3-Dihydroxybenzoic acid	InChI=1S/C7H6O4/c8-5-3-1-2-4(6(5)9)7(10)11/h1-3,8-9H,(H,10,11)
2,4-Dihydroxybenzoic acid	InChI=1S/C7H6O4/c8-4-1-2-5(7(10)11)6(9)3-4/h1-3,8-9H,(H,10,11)
2-Hydroxybenzoic acid	InChI=1S/C7H6O3/c8-6-4-2-1-3-5(6)7(9)10/h1-4,8H,(H,9,10)
2-Hydroxyhippuric acid	InChI=1S/C9H9NO4/c11-7-4-2-1-3-6(7)9(14)10-5-8(12)13/h1-4,11H,5H2,(H,10,14)(H,12,13)
3,4-O-Dimethylgallic acid	InChI=1S/C9H10O5/c1-13-7-4-5(9(11)12)3-6(10)8(7)14-2/h3-4,10H,1-2H3,(H,11,12)
3,5-Dihydroxybenzoic acid	InChI=1S/C7H6O4/c8-5-1-4(7(10)11)2-6(9)3-5/h1-3,8-9H,(H,10,11)
3-Hydroxybenzoic acid	InChI=1S/C7H6O3/c8-6-3-1-2-5(4-6)7(9)10/h1-4,8H,(H,9,10)
3-Hydroxyhippuric acid	InChI=1S/C9H9NO4/c11-7-3-1-2-6(4-7)9(14)10-5-8(12)13/h1-4,11H,5H2,(H,10,14)(H,12,13)
3-O-Methylgallic acid	InChI=1S/C8H8O5/c1-13-6-3-4(8(11)12)2-5(9)7(6)10/h2-3,9-10H,1H3,(H,11,12)
4-Hydroxybenzoic acid	InChI=1S/C7H6O3/c8-6-3-1-5(2-4-6)7(9)10/h1-4,8H,(H,9,10)
4-Hydroxyhippuric acid	InChI=1S/C9H9NO4/c11-7-3-1-6(2-4-7)9(14)10-5-8(12)13/h1-4,11H,5H2,(H,10,14)(H,12,13)
4-O-Methylgallic acid	InChI=1S/C8H8O5/c1-13-7-5(9)2-4(8(11)12)3-6(7)10/h2-3,9-10H,1H3,(H,11,12)
Benzoic acid	InChI=1S/C7H6O2/c8-7(9)6-4-2-1-3-5-6/h1-5H,(H,8,9)
Ellagic acid	InChI=1S/C14H6O8/c15-5-1-3-7-8-4(14(20)22-11(7)9(5)17)2-6(16)10(18)12(8)21-13(3)19/h1-2,15-18H
Gallagic acid	InChI=1S/C28H12O16/c29-5-1-3-7(17(33)15(5)31)9-13-11-12-14(28(40)44-23(11)19(35)21(9)41-25(3)37)10-8-4(2-6(30)16(32)18(8)34)26(38)42-22(10)20(36)24(12)43-27(13)39/h1-2,9,21,29-36H
Gallic acid	InChI=1S/C7H6O5/c8-4-1-3(7(11)12)2-5(9)6(4)10/h1-2,8-10H,(H,11,12)
Gallic acid ethyl ester	InChI=1S/C9H10O5/c1-2-14-9(13)5-3-6(10)8(12)7(11)4-5/h3-4,10-12H,2H2,1H3
Gentisic acid	InChI=1S/C7H6O4/c8-4-1-2-6(9)5(3-4)7(10)11/h1-3,8-9H,(H,10,11)
Hippuric acid	InChI=1S/C9H9NO3/c11-8(12)6-10-9(13)7-4-2-1-3-5-7/h1-5H,6H2,(H,10,13)(H,11,12)
Paeoniflorin	InChI=1S/C23H28O11/c1-20-9-22(29)13-7-23(20,32-18-16(27)15(26)14(25)12(8-24)31-18)21(13,19(33-20)34-22)10-30-17(28)11-5-3-2-4-6-11/h2-6,12-16,18-19,24-27,29H,7-10H2,1H3
Protocatechuic acid	InChI=1S/C7H6O4/c8-5-2-1-4(7(10)11)3-6(5)9/h1-3,8-9H,(H,10,11)
Punicalagin	InChI=1S/C48H28O30/c49-10-1-6-17(31(59)27(10)55)19-23-21-22-24(47(70)76-38(21)35(63)33(19)61)20(34(62)36(64)39(22)75-46(23)69)18-9(4-13(52)28(56)32(18)60)43(66)74-37-14(5-72-42(6)65)73-48(71)41-40(37)77-44(67)7-2-11(50)25(53)29(57)15(7)16-8(45(68)78-41)3-12(51)26(54)30(16)58/h1-4,14,37,40-41,48-64,71H,5H2
Punicalin	InChI=1S/C34H22O22/c35-6-1-4-9(19(39)17(6)37)11-15-13-14-16(33(50)56-28(13)23(43)21(11)41)12(22(42)24(44)29(14)55-32(15)49)10-5(2-7(36)18(38)20(10)40)31(48)54-27-8(3-52-30(4)47)53-34(51)26(46)25(27)45/h1-2,8,25-27,34-46,51H,3H2
Syringic acid	InChI=1S/C9H10O5/c1-13-6-3-5(9(11)12)4-7(14-2)8(6)10/h3-4,10H,1-2H3,(H,11,12)
Vanillic acid	InChI=1S/C8H8O4/c1-12-7-4-5(8(10)11)2-3-6(7)9/h2-4,9H,1H3,(H,10,11)
Vanillic acid 4-sulfate	InChI=1S/C8H8O7S/c1-14-7-4-5(8(9)10)2-3-6(7)15-16(11,12)13/h2-4H,1H3,(H,9,10)(H,11,12,13)
1,5-Dicaffeoylquinic acid	InChI=1S/C25H24O12/c26-15-5-1-13(9-17(15)28)3-7-21(31)36-20-12-25(24(34)35,11-19(30)23(20)33)37-22(32)8-4-14-2-6-16(27)18(29)10-14/h1-10,19-20,23,26-30,33H,11-12H2,(H,34,35)
1,5-Diferuloylquinic acid	InChI=1S/C27H28O12/c1-36-20-11-15(3-7-17(20)28)5-9-23(31)38-22-14-27(26(34)35,13-19(30)25(22)33)39-24(32)10-6-16-4-8-18(29)21(12-16)37-2/h3-12,19,22,25,28-30,33H,13-14H2,1-2H3,(H,34,35)
1-Caffeoyl-5-feruloylquinic acid	InChI=1S/C26H26O12/c1-36-20-11-15(3-7-17(20)28)4-8-22(31)37-21-13-26(25(34)35,12-19(30)24(21)33)38-23(32)9-5-14-2-6-16(27)18(29)10-14/h2-11,19,21,24,27-30,33H,12-13H2,1H3,(H,34,35)
1-Feruloyl-5-caffeoylquinic acid	InChI=1S/C26H26O12/c1-36-20-11-15(3-7-17(20)28)5-9-23(32)38-26(25(34)35)12-19(30)24(33)21(13-26)37-22(31)8-4-14-2-6-16(27)18(29)10-14/h2-11,19,21,24,27-30,33H,12-13H2,1H3,(H,34,35)
3,4-Dicaffeoylquinic acid	InChI=1S/C25H24O12/c26-15-5-1-13(9-17(15)28)3-7-21(31)36-20-12-25(35,24(33)34)11-19(30)23(20)37-22(32)8-4-14-2-6-16(27)18(29)10-14/h1-10,19-20,23,26-30,35H,11-12H2,(H,33,34)
3,5-Dicaffeoylquinic acid	InChI=1S/C25H24O12/c26-15-5-1-13(9-17(15)28)3-7-21(30)36-19-11-25(35,24(33)34)12-20(23(19)32)37-22(31)8-4-14-2-6-16(27)18(29)10-14/h1-10,19-20,23,26-29,32,35H,11-12H2,(H,33,34)
3-Caffeoylquinic acid	InChI=1S/C16H18O9/c17-9-3-1-8(5-10(9)18)2-4-13(20)25-12-7-16(24,15(22)23)6-11(19)14(12)21/h1-5,11-12,14,17-19,21,24H,6-7H2,(H,22,23)
3-Feruloylquinic acid	InChI=1S/C17H20O9/c1-25-12-6-9(2-4-10(12)18)3-5-14(20)26-13-8-17(24,16(22)23)7-11(19)15(13)21/h2-6,11,13,15,18-19,21,24H,7-8H2,1H3,(H,22,23)
3-O-Methylrosmarinic acid	InChI=1S/C19H18O8/c1-26-16-9-12(3-6-14(16)21)10-17(19(24)25)27-18(23)7-4-11-2-5-13(20)15(22)8-11/h2-9,17,20-22H,10H2,1H3,(H,24,25)/b7-4+
4,5-Dicaffeoylquinic acid	InChI=1S/C25H24O12/c26-15-5-1-13(9-17(15)28)3-7-21(31)36-20-12-25(35,24(33)34)11-19(30)23(20)37-22(32)8-4-14-2-6-16(27)18(29)10-14/h1-10,19-20,23,26-30,35H,11-12H2,(H,33,34)
4-Feruloylquinic acid	InChI=1S/C17H20O9/c1-25-13-6-9(2-4-10(13)18)3-5-14(21)26-15-11(19)7-17(24,16(22)23)8-12(15)20/h2-6,11-12,15,18-20,24H,7-8H2,1H3,(H,22,23)
5-Caffeoylquinic acid	InChI=1S/C16H18O9/c17-9-3-1-8(5-10(9)18)2-4-13(20)25-12-7-16(24,15(22)23)6-11(19)14(12)21/h1-5,11-12,14,17-19,21,24H,6-7H2,(H,22,23)
5-Feruloylquinic acid	InChI=1S/C17H20O9/c1-25-12-6-9(2-4-10(12)18)3-5-14(20)26-13-8-17(24,16(22)23)7-11(19)15(13)21/h2-6,11,13,15,18-19,21,24H,7-8H2,1H3,(H,22,23)
5-p-Coumaroylquinic acid	InChI=1S/C16H18O8/c17-10-4-1-9(2-5-10)3-6-13(19)24-12-8-16(23,15(21)22)7-11(18)14(12)20/h1-6,11-12,14,17-18,20,23H,7-8H2,(H,21,22)
Caffeic acid	InChI=1S/C9H8O4/c10-7-3-1-6(5-8(7)11)2-4-9(12)13/h1-5,10-11H,(H,12,13)
Caffeic acid 3-O-glucuronide	InChI=1S/C15H16O10/c16-7-3-1-6(2-4-9(17)18)5-8(7)24-15-12(21)10(19)11(20)13(25-15)14(22)23/h1-5,10-13,15-16,19-21H,(H,17,18)(H,22,23)
Caffeic acid 3-sulfate	InChI=1S/C9H8O7S/c10-7-3-1-6(2-4-9(11)12)5-8(7)16-17(13,14)15/h1-5,10H,(H,11,12)(H,13,14,15)
Caffeic acid 4-O-glucuronide	InChI=1S/C15H16O10/c16-7-5-6(2-4-9(17)18)1-3-8(7)24-15-12(21)10(19)11(20)13(25-15)14(22)23/h1-5,10-13,15-16,19-21H,(H,17,18)(H,22,23)
Caffeic acid 4-sulfate	InChI=1S/C9H8O7S/c10-7-5-6(2-4-9(11)12)1-3-8(7)16-17(13,14)15/h1-5,10H,(H,11,12)(H,13,14,15)
Caffeoyl C1-glucuronide	InChI=1S/C15H16O10/c16-7-3-1-6(5-8(7)17)2-4-9(18)24-15-12(21)10(19)11(20)13(25-15)14(22)23/h1-5,10-13,15-17,19-21H,(H,22,23)
Ferulic acid	InChI=1S/C10H10O4/c1-14-9-6-7(2-4-8(9)11)3-5-10(12)13/h2-6,11H,1H3,(H,12,13)
Ferulic acid 4-O-glucuronide	InChI=1S/C16H18O10/c1-24-9-6-7(3-5-10(17)18)2-4-8(9)25-16-13(21)11(19)12(20)14(26-16)15(22)23/h2-6,11-14,16,19-21H,1H3,(H,17,18)(H,22,23)
Ferulic acid 4-sulfate	InChI=1S/C10H10O7S/c1-16-9-6-7(3-5-10(11)12)2-4-8(9)17-18(13,14)15/h2-6H,1H3,(H,11,12)(H,13,14,15)
Feruloyl C1-glucuronide	InChI=1S/C16H18O10/c1-24-9-6-7(2-4-8(9)17)3-5-10(18)25-16-13(21)11(19)12(20)14(26-16)15(22)23/h2-6,11-14,16-17,19-21H,1H3,(H,22,23)
Feruloylglycine	InChI=1S/C12H13NO5/c1-18-10-6-8(2-4-9(10)14)3-5-11(15)13-7-12(16)17/h2-6,14H,7H2,1H3,(H,13,15)(H,16,17)
Isoferulic acid	InChI=1S/C10H10O4/c1-14-9-4-2-7(6-8(9)11)3-5-10(12)13/h2-6,11H,1H3,(H,12,13)
Isoferulic acid 3-O-glucuronide	InChI=1S/C16H18O10/c1-24-8-4-2-7(3-5-10(17)18)6-9(8)25-16-13(21)11(19)12(20)14(26-16)15(22)23/h2-6,11-14,16,19-21H,1H3,(H,17,18)(H,22,23)
Isoferulic acid 3-sulfate	InChI=1S/C10H10O7S/c1-16-8-4-2-7(3-5-10(11)12)6-9(8)17-18(13,14)15/h2-6H,1H3,(H,11,12)(H,13,14,15)
Isoferuloyl C1-glucuronide	InChI=1S/C16H18O10/c1-24-9-4-2-7(6-8(9)17)3-5-10(18)25-16-13(21)11(19)12(20)14(26-16)15(22)23/h2-6,11-14,16-17,19-21H,1H3,(H,22,23)
m-Coumaric acid	InChI=1S/C9H8O3/c10-8-3-1-2-7(6-8)4-5-9(11)12/h1-6,10H,(H,11,12)
p-Coumaric acid	InChI=1S/C9H8O3/c10-8-4-1-7(2-5-8)3-6-9(11)12/h1-6,10H,(H,11,12)
Rosmarinic acid	InChI=1S/C18H16O8/c19-12-4-1-10(7-14(12)21)3-6-17(23)26-16(18(24)25)9-11-2-5-13(20)15(22)8-11/h1-8,16,19-22H,9H2,(H,24,25)
Sinapic acid	InChI=1S/C11H12O5/c1-15-8-5-7(3-4-10(12)13)6-9(16-2)11(8)14/h3-6,14H,1-2H3,(H,12,13)
2-Hydroxy-2-phenylacetic acid	InChI=1S/C8H8O3/c9-7(8(10)11)6-4-2-1-3-5-6/h1-5,7,9H,(H,10,11)
2-Hydroxyphenylacetic acid	InChI=1S/C8H8O3/c9-7-4-2-1-3-6(7)5-8(10)11/h1-4,9H,5H2,(H,10,11)
3,4-Dihydroxyphenylacetic acid	InChI=1S/C8H8O4/c9-6-2-1-5(3-7(6)10)4-8(11)12/h1-3,9-10H,4H2,(H,11,12)
3-Hydroxyphenylacetic acid	InChI=1S/C8H8O3/c9-7-3-1-2-6(4-7)5-8(10)11/h1-4,9H,5H2,(H,10,11)
4-Hydroxymandelic acid	InChI=1S/C8H8O4/c9-6-3-1-5(2-4-6)7(10)8(11)12/h1-4,7,9-10H,(H,11,12)
4-Hydroxyphenylacetic acid	InChI=1S/C8H8O3/c9-7-3-1-6(2-4-7)5-8(10)11/h1-4,9H,5H2,(H,10,11)
Homovanillic acid	InChI=1S/C9H10O4/c1-13-8-4-6(5-9(11)12)2-3-7(8)10/h2-4,10H,5H2,1H3,(H,11,12)
Homovanillic acid 4-sulfate	InChI=1S/C9H10O7S/c1-15-8-4-6(5-9(10)11)2-3-7(8)16-17(12,13)14/h2-4H,5H2,1H3,(H,10,11)(H,12,13,14)
Phenacetylglycine	InChI=1S/C10H11NO3/c12-9(11-7-10(13)14)6-8-4-2-1-3-5-8/h1-5H,6-7H2,(H,11,12)(H,13,14)
Phenylacetic acid	InChI=1S/C8H8O2/c9-8(10)6-7-4-2-1-3-5-7/h1-5H,6H2,(H,9,10)
3-Hydroxyphenylvaleric acid	InChI=1S/C11H14O3/c1-2-4-10(11(13)14)8-5-3-6-9(12)7-8/h3,5-7,10,12H,2,4H2,1H3,(H,13,14)
4-Hydroxy-(3',4'-dihydroxyphenyl)valeric acid	InChI=1S/C11H14O5/c12-8(2-4-11(15)16)5-7-1-3-9(13)10(14)6-7/h1,3,6,8,12-14H,2,4-5H2,(H,15,16)
5-(3',4',-dihydroxyphenyl)-gamma-valerolactone	InChI=1S/C11H12O4/c12-9-3-1-7(6-10(9)13)5-8-2-4-11(14)15-8/h1,3,6,8,12-13H,2,4-5H2
5-(3',4',5'-trihydroxyphenyl)-gamma-valerolactone	InChI=1S/C11H12O5/c12-8-4-6(5-9(13)11(8)15)3-7-1-2-10(14)16-7/h4-5,7,12-13,15H,1-3H2
5-(3',4'-dihydroxyphenyl)-valeric acid	InChI=1S/C11H14O4/c12-9-6-5-8(7-10(9)13)3-1-2-4-11(14)15/h5-7,12-13H,1-4H2,(H,14,15)
5-(3',5'-dihydroxyphenyl)-gamma-valerolactone	InChI=1S/C11H12O4/c12-8-3-7(4-9(13)6-8)5-10-1-2-11(14)15-10/h3-4,6,10,12-13H,1-2,5H2
5-(3',5'-dihydroxyphenyl)-gamma-valerolactone 3-O-glucuronide	InChI=1S/C17H20O10/c18-8-3-7(4-9-1-2-11(19)25-9)5-10(6-8)26-17-14(22)12(20)13(21)15(27-17)16(23)24/h3,5-6,9,12-15,17-18,20-22H,1-2,4H2,(H,23,24)/t9?,12-,13-,14+,15-,17+/m0/s1
5-(3'-Methoxy-4'-hydroxyphenyl)-gamma-valerolactone	InChI=1S/C12H14O4/c1-15-11-7-8(2-4-10(11)13)6-9-3-5-12(14)16-9/h2,4,7,9,13H,3,5-6H2,1H3
3,4-Dihydroxyphenyllactic acid methyl ester	InChI=1S/C10H12O5/c1-15-10(14)9(13)5-6-2-3-7(11)8(12)4-6/h2-4,9,11-13H,5H2,1H3
3-(3,4-Dihydroxyphenyl)-2-methoxypropionic acid	InChI=1S/C10H12O5/c1-15-9(10(13)14)5-6-2-3-7(11)8(12)4-6/h2-4,9,11-12H,5H2,1H3,(H,13,14)
3-Hydroxy-3-(3-hydroxyphenyl)propionic acid	InChI=1S/C9H10O4/c10-7-3-1-2-6(4-7)8(11)5-9(12)13/h1-4,8,10-11H,5H2,(H,12,13)
3-Hydroxy-4-methoxyphenyllactic acid	InChI=1S/C10H12O5/c1-15-9-3-2-6(4-7(9)11)5-8(12)10(13)14/h2-4,8,11-12H,5H2,1H3,(H,13,14)
3-Hydroxyphenylpropionic acid	InChI=1S/C9H10O3/c10-8-3-1-2-7(6-8)4-5-9(11)12/h1-3,6,10H,4-5H2,(H,11,12)
3-Methoxy-4-hydroxyphenyllactic acid	InChI=1S/C10H12O5/c1-15-9-5-6(2-3-7(9)11)4-8(12)10(13)14/h2-3,5,8,11-12H,4H2,1H3,(H,13,14)
3-Phenylpropionic acid	InChI=1S/C9H10O2/c10-9(11)7-6-8-4-2-1-3-5-8/h1-5H,6-7H2,(H,10,11)
4-Hydroxyphenyl-2-propionic acid	InChI=1S/C9H10O3/c1-6(9(11)12)7-2-4-8(10)5-3-7/h2-6,10H,1H3,(H,11,12)
Danshensu	InChI=1S/C9H10O5/c10-6-2-1-5(3-7(6)11)4-8(12)9(13)14/h1-3,8,10-12H,4H2,(H,13,14)
Dihydrocaffeic acid	InChI=1S/C9H10O4/c10-7-3-1-6(5-8(7)11)2-4-9(12)13/h1,3,5,10-11H,2,4H2,(H,12,13)
Dihydrocaffeic acid 3-O-glucuronide	InChI=1S/C15H18O10/c16-7-3-1-6(2-4-9(17)18)5-8(7)24-15-12(21)10(19)11(20)13(25-15)14(22)23/h1,3,5,10-13,15-16,19-21H,2,4H2,(H,17,18)(H,22,23)
Dihydrocaffeic acid 3-sulfate	InChI=1S/C9H10O7S/c10-7-3-1-6(2-4-9(11)12)5-8(7)16-17(13,14)15/h1,3,5,10H,2,4H2,(H,11,12)(H,13,14,15)
Dihydroferulic acid	InChI=1S/C10H12O4/c1-14-9-6-7(2-4-8(9)11)3-5-10(12)13/h2,4,6,11H,3,5H2,1H3,(H,12,13)
Dihydroferulic acid 4-O-glucuronide	InChI=1S/C16H20O10/c1-24-9-6-7(3-5-10(17)18)2-4-8(9)25-16-13(21)11(19)12(20)14(26-16)15(22)23/h2,4,6,11-14,16,19-21H,3,5H2,1H3,(H,17,18)(H,22,23)
Dihydroferulic acid 4-sulfate	InChI=1S/C10H12O7S/c1-16-9-6-7(3-5-10(11)12)2-4-8(9)17-18(13,14)15/h2,4,6H,3,5H2,1H3,(H,11,12)(H,13,14,15)
Dihydroferuloylglycine	InChI=1S/C12H15NO5/c1-17-10-6-8(2-4-9(10)14)3-5-11(15)18-12(16)7-13/h2,4,6,14H,3,5,7,13H2,1H3
Dihydrosinapic acid	InChI=1S/C11H14O5/c1-15-8-5-7(3-4-10(12)13)6-9(16-2)11(8)14/h5-6,14H,3-4H2,1-2H3,(H,12,13)
3'-Hydroxy-3,4,5,4'-tetramethoxystilbene	InChI=1S/C17H18O5/c1-21-16-6-5-11(8-14(16)19)3-4-12-7-13(10-18)17(22-2)15(20)9-12/h3-9,18-20H,10H2,1-2H3
3,4,5,4'-Tetramethoxystilbene	InChI=1S/C18H20O4/c1-19-15-9-7-13(8-10-15)5-6-14-11-16(20-2)18(22-4)17(12-14)21-3/h5-12H,1-4H3
4'-Hydroxy-3,4,5-trimethoxystilbene	InChI=1S/C17H18O4/c1-19-15-10-13(11-16(20-2)17(15)21-3)5-4-12-6-8-14(18)9-7-12/h4-11,18H,1-3H3
4-Hydroxy-3,5,4'-trimethoxystilbene	InChI=1S/C17H18O4/c1-19-14-8-6-12(7-9-14)4-5-13-10-15(20-2)17(18)16(11-13)21-3/h4-11,18H,1-3H3
cis-Resveratrol 3-O-glucuronide	InChI=1S/C20H20O9/c21-12-5-3-10(4-6-12)1-2-11-7-13(22)9-14(8-11)28-20-17(25)15(23)16(24)18(29-20)19(26)27/h1-9,15-18,20-25H,(H,26,27)
cis-Resveratrol 3-sulfate	InChI=1S/C14H12O6S/c15-12-5-3-10(4-6-12)1-2-11-7-13(16)9-14(8-11)20-21(17,18)19/h1-9,15-16H,(H,17,18,19)
cis-Resveratrol 4'-O-glucuronide	InChI=1S/C20H20O9/c21-12-7-11(8-13(22)9-12)2-1-10-3-5-14(6-4-10)28-20-17(25)15(23)16(24)18(29-20)19(26)27/h1-9,15-18,20-25H,(H,26,27)
cis-Resveratrol 4'-sulfate	InChI=1S/C14H12O6S/c15-12-7-11(8-13(16)9-12)2-1-10-3-5-14(6-4-10)20-21(17,18)19/h1-9,15-16H,(H,17,18,19)
Dihydroresveratrol	InChI=1S/C14H14O3/c15-12-5-3-10(4-6-12)1-2-11-7-13(16)9-14(17)8-11/h3-9,15-17H,1-2H2
Resveratrol	InChI=1S/C14H12O3/c15-12-5-3-10(4-6-12)1-2-11-7-13(16)9-14(17)8-11/h1-9,15-17H
Resveratrol 3-sulfate	InChI=1S/C14H12O6S/c15-12-5-3-10(4-6-12)1-2-11-7-13(16)9-14(8-11)20-21(17,18)19/h1-9,15-16H,(H,17,18,19)
Trans-Resveratrol	InChI=1S/C14H12O3/c15-12-5-3-10(4-6-12)1-2-11-7-13(16)9-14(17)8-11/h1-9,15-17H
trans-Resveratrol 3,4'-disulfate	InChI=1S/C14H12O9S2/c15-12-7-11(8-14(9-12)23-25(19,20)21)2-1-10-3-5-13(6-4-10)22-24(16,17)18/h1-9,15H,(H,16,17,18)(H,19,20,21)
trans-Resveratrol 3,5-disulfate	InChI=1S/C14H12O9S2/c15-12-5-3-10(4-6-12)1-2-11-7-13(22-24(16,17)18)9-14(8-11)23-25(19,20)21/h1-9,15H,(H,16,17,18)(H,19,20,21)
trans-Resveratrol 3-O-glucuronide	InChI=1S/C20H20O9/c21-12-5-3-10(4-6-12)1-2-11-7-13(22)9-14(8-11)28-20-17(25)15(23)16(24)18(29-20)19(26)27/h1-9,15-18,20-25H,(H,26,27)
trans-Resveratrol 3-sulfate	InChI=1S/C14H12O6S/c15-12-5-3-10(4-6-12)1-2-11-7-13(16)9-14(8-11)20-21(17,18)19/h1-9,15-16H,(H,17,18,19)/b2-1+
trans-Resveratrol 4'-O-glucuronide	InChI=1S/C20H20O9/c21-12-7-11(8-13(22)9-12)2-1-10-3-5-14(6-4-10)28-20-17(25)15(23)16(24)18(29-20)19(26)27/h1-9,15-18,20-25H,(H,26,27)
trans-Resveratrol 4'-sulfate	InChI=1S/C14H12O6S/c15-12-7-11(8-13(16)9-12)2-1-10-3-5-14(6-4-10)20-21(17,18)19/h1-9,15-16H,(H,17,18,19)
